ID_customer_city,customer_city,customer_state
201514,Campos Dos Goytacazes,RJ
200406,Santa Fe Do Sul,SP
200064,Para De Minas,MG
200499,Atibaia,SP
203035,Varzea Paulista,SP
202535,Uberaba,MG
200760,Guararapes,SP
200848,Praia Grande,SP
200799,Santos,SP
203353,Jandira,SP
202562,Piracicaba,SP
200120,Monte Alto,SP
202585,Rio De Janeiro,RJ
201500,Alfenas,MG
200433,Campinas,SP
203175,Santa Barbara D'Oeste,SP
201970,Jundiai,SP
201137,Cubatao,SP
204136,Sao Paulo,SP
201334,Santa Cruz Do Rio Pardo,SP
200648,Volta Redonda,RJ
201640,Ivaipora,PR
203810,Nova Iguacu,RJ
202906,Anapolis,GO
200183,Sao Bernardo Do Campo,SP
202463,Osasco,SP
200595,Ituiutaba,MG
200181,Goiania,GO
201437,Pinhais,PR
203868,Pato Bragado,PR
203448,Canavieiras,BA
203009,Campo Alegre,AL
201521,Cunha,SP
203152,Monte Siao,MG
202013,Salvador,BA
203675,Santa Salete,SP
200793,Itapicuru,BA
203022,Santos Dumont,MG
201020,Campo Grande,MS
201163,Coromandel,MG
201802,Guaratuba,PR
203727,Araraquara,SP
200857,Governador Valadares,MG
203687,Fortaleza,CE
201973,Belo Horizonte,MG
200695,Amanari,CE
201952,Brasilia,DF
204040,Porto Alegre,RS
200685,Cambe,PR
201331,Recife,PE
202275,Canoas,RS
201782,Manhuacu,MG
202737,Guarulhos,SP
201150,Umuarama,PR
201336,Sao Bento Do Sul,SC
203825,Toledo,PR
203048,Diamantina,MG
202125,Vila Velha,ES
200524,Medeiros Neto,BA
201409,Mogi-Guacu,SP
203461,Bauru,SP
200652,Maceio,AL
203526,Barueri,SP
202337,Imperatriz,MA
203185,Vitoria Do Mearim,MA
201688,Ribeirao Pires,SP
203292,Aguas Lindas De Goias,GO
203155,Sao Jose Dos Campos,SP
202508,Nova Serrana,MG
200073,Nova Lima,MG
201417,Belem,PA
203598,Matao,SP
202640,Bom Jesus Da Lapa,BA
202924,Ourinhos,SP
202033,Porto Real,RJ
200914,Ferraz De Vasconcelos,SP
202860,Ipixuna Do Para,PA
202093,Sete Lagoas,MG
202378,Bage,RS
203263,Sao Jose Do Rio Pardo,SP
202903,Itajai,SC
204008,Carapicuiba,SP
200551,Niteroi,RJ
203062,Nilopolis,RJ
203370,Espumoso,RS
200012,Cuiaba,MT
201882,Curitiba,PR
203386,Itapura,SP
200134,Santa Luzia,MG
200711,Guaruja,SP
200573,Serrana,SP
201522,Iguape,SP
203113,Maua,SP
202216,Sao Jose Do Rio Preto,SP
200161,Indaiatuba,SP
203606,Itaberai,GO
201207,Gramado,RS
203778,Cotia,SP
200356,Santa Cruz Do Sul,RS
202255,Gravatai,RS
202870,Macae,RJ
202704,Brumadinho,MG
201927,Bariri,SP
202126,Sorocaba,SP
201301,Sao Luis,MA
201342,Foz Do Iguacu,PR
201156,Lagoa Santa,MG
203070,Camboriu,SC
204083,Papanduva,SC
203488,Santo Andre,SP
202890,Juiz De Fora,MG
200775,Sao Joao D'Alianca,GO
202597,Sao Goncalo,RJ
202347,Joao Pessoa,PB
204017,Cataguases,MG
201544,Porto Uniao,SC
202707,Manaus,AM
203504,Major Porto,MG
202954,Barra Mansa,RJ
202591,Francisco Morato,SP
203786,Diadema,SP
200519,Valinhos,SP
204181,Capao Bonito,SP
200671,Carandai,MG
202758,Araruama,RJ
204057,Maringa,PR
200114,Betim,MG
203574,Caucaia,CE
201112,Garanhuns,PE
200471,Itupeva,SP
203807,Guaratingueta,SP
201913,Bom Jesus Dos Perdoes,SP
200578,Valenca,BA
201887,Porto Seguro,BA
203030,Itapui,SP
202261,Votuporanga,SP
200533,Cambui,MG
200239,Rio Das Ostras,RJ
201116,Soledade De Minas,MG
202715,Tocantins,MG
200666,Casimiro De Abreu,RJ
201672,Feira De Santana,BA
202459,Imbituba,SC
202517,Louveira,SP
203837,Macapa,AP
203787,Uruguaiana,RS
201972,Cafelandia,SP
201388,Cosmopolis,SP
203564,Rio Verde,GO
203981,Camaragibe,PE
201036,Aracatuba,SP
200435,Palhoca,SC
204126,Pederneiras,SP
201811,Nova Friburgo,RJ
204200,Balneario Camboriu,SC
200681,Assis,SP
204217,Balsa Nova,PR
202265,Arapiraca,AL
202636,Teresina,PI
202342,Caruaru,PE
201569,Suzano,SP
201776,Santa Maria,RS
202734,Ribeirao Das Neves,MG
201351,Cachoeirinha,RS
202761,Cascavel,PR
202568,Contagem,MG
201981,Pouso Alegre,MG
200926,Franca,SP
200079,Lins,SP
202464,Joviania,GO
204058,Dores Do Indaia,MG
203449,Andradina,SP
203135,Cachoeiro De Itapemirim,ES
201284,Rio Claro,SP
203301,Mari,PB
203201,Teresopolis,RJ
200661,Santo Antonio Do Planalto,RS
200765,Passos,MG
200657,Campo Mourao,PR
203183,Jaboticabal,SP
201248,Piripiri,PI
201771,Passo Fundo,RS
204210,Mallet,PR
201186,Pindamonhangaba,SP
204250,Sao Gabriel Da Palha,ES
200299,Ubatuba,SP
202586,Faxinal Dos Guedes,SC
200121,Santo Antonio De Padua,RJ
201383,Bonfim Paulista,SP
201839,Montalvania,MG
202894,Gurupi,TO
201044,Ariquemes,RO
202476,Guapiacu,SP
202735,Entre Rios De Minas,MG
202006,Santana De Parnaiba,SP
201529,Nova Laranjeiras,PR
201183,Petropolis,RJ
200749,Araguaina,TO
200354,Embu-Guacu,SP
201390,Viradouro,SP
203343,Alvorada,RS
201520,Patos De Minas,MG
202247,Montes Claros,MG
203686,Teofilo Otoni,MG
202621,Castilho,SP
202819,Sao Vendelino,RS
203743,Sao Gabriel,RS
201243,Hortolandia,SP
203067,Vitoria,ES
200632,Botucatu,SP
202384,Mogi Das Cruzes,SP
202633,Candido Mota,SP
200963,Morro Reuter,RS
204195,Sao Caetano Do Sul,SP
202862,Mendes,RJ
202702,Joinville,SC
200568,Sao Francisco Do Sul,SC
201335,Ouro Fino,MG
203704,Mesquita,RJ
201760,Piacabucu,AL
203954,Liberato Salzano,RS
202376,Hidrolandia,CE
201251,Birigui,SP
203151,Coribe,BA
201800,Coronel Fabriciano,MG
203286,Roncador,PR
203965,Sao Bento Do Sapucai,SP
202130,Frederico Westphalen,RS
203516,Mogi Mirim,SP
204213,Ipora Do Oeste,SC
203285,Feliz,RS
202908,Sao Jose,SC
201141,Vassouras,RJ
204095,Itapema,SC
202448,Curitibanos,SC
200548,Cruzeiro,SP
204090,Aguas Formosas,MG
200778,General Salgado,SP
200625,Cuite,PB
201280,Sao Vicente,SP
201810,Coronel Joao Sa,BA
203721,Antonio Carlos,MG
204068,Duque De Caxias,RJ
200769,Boituva,SP
203328,Caieiras,SP
200585,Carmo Do Cajuru,MG
203043,Sao Leopoldo,RS
201957,Florianopolis,SC
202893,Terra Nova,PE
201192,Presidente Prudente,SP
200562,Areias,SP
203769,Itabira,MG
201103,Santa Luzia,PB
200518,Embu Das Artes,SP
202867,Londrina,PR
202515,Mococa,SP
203832,Campos Novos,SC
200574,Rio Claro,RJ
203735,Jacobina,BA
201778,Nova America,GO
202700,Itapaje,CE
202243,Pires Do Rio,GO
200612,Bodoco,PE
204137,Campina Grande Do Sul,PR
202739,Dom Pedrito,RS
204228,Alcobaca,BA
201339,Guaiba,RS
201498,Santo Angelo,RS
203021,Conselheiro Lafaiete,MG
202932,Natal,RN
203181,Abelardo Luz,SC
200923,Sao Mateus Do Sul,PR
201418,Assis Chateaubriand,PR
200839,Divinopolis,MG
202980,Ipora,GO
200868,Rancharia,SP
200284,Ribeirao Preto,SP
203123,Angra Dos Reis,RJ
201533,Limeira,SP
202680,Marica,RJ
203366,Varginha,MG
202108,Caxias,MA
203492,Caetite,BA
202088,Cristais Paulista,SP
203150,Arroio Do Meio,RS
200501,Querencia,MT
202965,Pojuca,BA
203245,Presidente Dutra,BA
203632,Itobi,SP
202623,Cajamar,SP
200949,Medianeira,PR
200158,Leme,SP
201996,Catanduva,SP
202284,Alagoinhas,BA
200292,Monnerat,RJ
200470,Vargem Grande Paulista,SP
203442,Caconde,SP
202798,Coronel Martins,SC
201403,Campo Magro,PR
201467,Pedra Preta,MT
200555,Laranjeiras Do Sul,PR
200411,Andradas,MG
200056,Pirassununga,SP
203210,Volta Grande,MG
203079,Japuiba,RJ
201953,Erechim,RS
203691,Rio Grande Da Serra,SP
200744,Cacaulandia,RO
201499,Caldeirao Grande,BA
202608,Silveira Carvalho,MG
203747,Uberlandia,MG
201386,Caxias Do Sul,RS
202417,Serra,ES
200860,Caraguatatuba,SP
201365,Paranavai,PR
203963,Ouro Preto,MG
203923,Lencois Paulista,SP
202509,Itapejara D'Oeste,PR
202332,Paulo Afonso,BA
202632,Taboao Da Serra,SP
202052,Buerarema,BA
203831,Poa,SP
201340,Piumhi,MG
200051,Lagarto,SE
200939,Sao Carlos,SP
203332,Cachoeira Paulista,SP
200660,Andre Da Rocha,RS
200814,Sales Oliveira,SP
202481,Pindorama,SP
201591,Registro,SP
202132,Itabuna,BA
200722,Triunfo,PE
201014,Cabo Frio,RJ
201085,Resende,RJ
203908,Itapolis,SP
200747,Barbacena,MG
203204,Cianorte,PR
203176,Itatim,BA
200370,Sabara,MG
200113,Cariacica,ES
201361,Arembepe,BA
202569,Vitoria Da Conquista,BA
202629,Cruz Alta,RS
203264,Linhares,ES
202754,Catu,BA
202571,Querencia Do Norte,PR
200387,Caibi,SC
203761,Timbauba,PE
201381,Sao Joaquim De Bicas,MG
203532,Couto De Magalhaes,TO
201581,Peritiba,SC
201127,Belford Roxo,RJ
201895,Sao Joao Da Boa Vista,SP
203972,Cajazeiras,PB
203012,Paulinia,SP
200100,Munhoz,MG
201634,Eusebio,CE
203915,Euclides Da Cunha,BA
203055,Jatoba,PE
202749,Sangao,SC
204153,Cajobi,SP
203139,Pato Branco,PR
200350,Itapitanga,BA
201181,Nao-Me-Toque,RS
203252,Guarapari,ES
201508,Muzambinho,MG
201269,Capinopolis,MG
201023,Camaqua,RS
202031,Lages,SC
200797,Neopolis,SE
200335,Sao Miguel Do Araguaia,GO
204246,Jequitinhonha,MG
202765,Butia,RS
202546,Brumado,BA
200188,Dias D'Avila,BA
200491,Pirapora Do Bom Jesus,SP
202196,Tatui,SP
203575,Santa Helena,PR
203307,Guaira,SP
201650,Porto Velho,RO
200486,Taruma,SP
200670,Palmas,TO
203387,Mae D'Agua,PB
200265,Pejucara,RS
200487,Japeri,RJ
202488,Braco Do Norte,SC
200621,Sorriso,MT
203310,Jacareacanga,PA
200817,Marilia,SP
201050,Campina Verde,MG
202549,Palmas,PR
202435,Teixeira De Freitas,BA
201140,Paicandu,PR
200140,Taubate,SP
203986,Sumare,SP
202986,Congonhas,MG
202846,Itaipulandia,PR
202799,Pitangueiras,SP
202902,Blumenau,SC
200881,Itu,SP
202885,Canoinhas,SC
202532,Itauna,MG
201904,Salto,SP
201866,Rodeio,SC
202929,Humaita,AM
201131,Armacao Dos Buzios,RJ
202817,Presidente Epitacio,SP
201378,Serranopolis,GO
203593,Caratinga,MG
200497,Pelotas,RS
202753,Paripueira,AL
201138,Lucelia,SP
202081,Formoso,MG
200698,Paraiba Do Sul,RJ
201279,Itaquaquecetuba,SP
200275,Cerquilho,SP
201432,Ibotirama,BA
200888,Itapeva,SP
203465,Ponta Grossa,PR
204029,Bacaxa,RJ
201789,Mandaguari,PR
200065,Braganca Paulista,SP
202751,Quatro Barras,PR
202861,Almirante Tamandare,PR
204119,Rio Grande,RS
203049,Sarzedo,MG
200444,Paranagua,PR
200293,Flores Da Cunha,RS
204097,Santa Isabel,SP
201749,Prudentopolis,PR
202158,Chapeco,SC
202165,Loanda,PR
203667,Lagoa Dourada,MG
203878,Ibiruba,RS
201027,Sertaozinho,SP
201711,Campo Largo,PR
201402,Taua,CE
200023,Martinopolis,SP
200101,Ipiabas,RJ
203470,Novo Hamburgo,RS
200431,Araguari,MG
202884,Campos Belos,GO
200864,Jaguariuna,SP
202377,Lorena,SP
200196,Palmares Do Sul,RS
202003,Videira,SC
204248,Pinhalzinho,SP
201224,Uba,MG
201387,Capela Do Alto,SP
200740,Saquarema,RJ
200415,Ananindeua,PA
204177,Rolandia,PR
200045,Taquaritinga,SP
202901,Guanhaes,MG
201842,Itinga,MG
203053,Queimados,RJ
202797,Telemaco Borba,PR
202462,Cidade Gaucha,PR
202741,Viamao,RS
201822,Aruja,SP
200005,Chapadao Do Sul,MS
200219,Cordeiro,RJ
202353,Nucleo Residencial Pilar,BA
200619,Brusque,SC
201884,Garca,SP
203586,Espirito Santo Do Pinhal,SP
204139,Santana,AP
202757,Areia Branca,RN
201684,Aracaju,SE
201628,Paraguacu,MG
204099,Sao Simao,GO
200187,Miraima,CE
200565,Cariri Do Tocantins,TO
201951,Dionisio,MG
202752,Moreilandia,PE
201108,Picos,PI
203249,Jarinu,SP
200270,Catole Do Rocha,PB
202943,Carazinho,RS
201105,Dourado,SP
200653,Mariana,MG
203993,Tiete,SP
201067,Sao Goncalo Do Amarante,RN
202396,Americana,SP
200898,Itabirito,MG
203674,Caete,MG
201727,Guarei,SP
203622,Paraiso Do Tocantins,TO
200131,Tarabai,SP
202273,Rio Branco Do Sul,PR
203547,Pocos De Caldas,MG
200517,Artur Nogueira,SP
202222,Maracanau,CE
200724,Santa Cecilia,SC
200289,Jatai,GO
200192,Ipero,SP
200157,Matias Barbosa,MG
201121,Francisco Badaro,MG
200096,Itaborai,RJ
201984,Palmeira,PR
200329,Aguai,SP
201563,Olimpia,SP
203750,Mairipora,SP
204174,Tres Coracoes,MG
200586,Posto Da Mata,BA
202349,Tramandai,RS
200390,Igarassu,PE
200915,Itapevi,SP
201232,Varzea Grande,MT
202290,Pilar Do Sul,SP
200743,Camacari,BA
201707,Criciuma,SC
204085,Dois Irmaos,RS
201038,Botelhos,MG
201721,Cacador,SC
201029,Sao Simao,SP
200845,Nazario,GO
200994,Lagoa Da Prata,MG
201099,Bandeirantes,PR
203074,Patrocinio,MG
202432,Vale Real,RS
200448,Santa Rosa De Viterbo,SP
201185,Canto Do Buriti,PI
203524,Jaboatao Dos Guararapes,PE
201985,Ilhabela,SP
203731,Guara,SP
203119,Paco Do Lumiar,MA
202117,Parnamirim,RN
200806,Urussanga,SC
200277,Quintana,SP
203472,Carmo Da Mata,MG
202673,Lajeado,RS
200086,Ibirite,MG
201040,Andorinha,BA
202215,Ipatinga,MG
200401,Juina,MT
202950,Nova Trento,SC
200969,Nova Olinda,CE
202352,Camapua,MS
201225,Cristalina,GO
201871,Conceicao Do Para,MG
203454,Alegrete,RS
202446,Nova Londrina,PR
201118,Tapiramuta,BA
203490,Socorro,SP
203724,Itanhaem,SP
201986,Itapetininga,SP
202914,Paracuru,CE
200498,Sao Roque,SP
200783,Alto Jequitiba,MG
204199,Matozinhos,MG
204164,Afonso Claudio,ES
202785,Satubinha,MA
200429,Olinda,PE
201473,Francisco Dantas,RN
201072,Comendador Levy Gasparian,RJ
201191,Nova Prata,RS
203146,Jales,SP
200901,Borborema,SP
201990,Alto Horizonte,GO
201092,Bom Jesus,PI
203867,Ibia,MG
203654,Carapebus,RJ
203577,Mage,RJ
203829,Marialva,PR
201241,Rio Pardo De Minas,MG
202116,Guajara-Mirim,RO
203679,Sao Jose Dos Pinhais,PR
203023,Cachoeiras De Macacu,RJ
200373,Osvaldo Cruz,SP
203946,Holambra,SP
200125,Mirandopolis,SP
202046,Luziania,GO
203268,Tiradentes,MG
201039,Primavera Do Leste,MT
200502,Lavras,MG
202382,Elias Fausto,SP
200807,Sao Sebastiao Do Paraiso,MG
203693,Papucaia,RJ
201964,Carmopolis De Minas,MG
203427,Itamonte,MG
200870,Itau De Minas,MG
201435,Sao Mateus,ES
202838,Sao Sebastiao Do Cai,RS
203097,Assuncao,PB
203815,Guaxupe,MG
202553,Nova Petropolis,RS
202909,Arinos,MG
200216,Sao Marcos,RS
203385,Campos De Julio,MT
200034,Campina Grande,PB
202603,Vitoria De Santo Antao,PE
200340,Muriae,MG
200546,Miracema,RJ
203453,Santiago,RS
202805,Altaneira,CE
200421,Santa Maria De Jetiba,ES
203061,Sao Joao Del Rei,MG
200318,Sao Joao Da Barra,RJ
200391,Jaguarao,RS
201153,Sud Mennucci,SP
201370,Bataipora,MS
202391,Novo Gama,GO
202350,Arraial Do Cabo,RJ
202260,Aparecida De Goiania,GO
200319,Paty Do Alferes,RJ
203384,Parnaiba,PI
201011,Medina,MG
200622,Belo Oriente,MG
201006,Lauro De Freitas,BA
200982,Matinhos,PR
202176,Ouro Branco,MG
202385,Erval Grande,RS
201461,Canela,RS
203950,Chiapetta,RS
202002,Goitacazes,RJ
202293,Seabra,BA
203401,Venda Nova Do Imigrante,ES
201963,Buritis,MG
202044,Votorantim,SP
202042,Osorio,RS
200960,Castelo,ES
200934,Coroaci,MG
200647,Protasio Alves,RS
204053,Vinhedo,SP
202937,Valenca,RJ
201399,Viana,ES
204194,Ladainha,MG
203345,Custodia,PE
204192,Ronda Alta,RS
203257,Itapuranga,GO
203056,Alegre,ES
200958,Jau,SP
200831,Novo Cruzeiro,MG
200225,Sao Joao De Meriti,RJ
202444,Mongagua,SP
200921,Azurita,MG
202878,Gloria De Dourados,MS
202947,Condado,PE
202045,Nova Prata Do Iguacu,PR
200152,Santo Antonio De Posse,SP
202307,Sapiranga,RS
200779,Ribeirao Bonito,SP
202981,Fernandopolis,SP
203578,Astolfo Dutra,MG
202004,Colatina,ES
200840,Bayeux,PB
202821,Araxa,MG
203635,Aracariguama,SP
202080,Vespasiano,MG
203672,Dores Do Rio Preto,ES
203184,Araujos,MG
202316,Jandaia Do Sul,PR
202907,Cacapava,SP
202115,Caldas Novas,GO
203528,Pauliceia,SP
203583,Tupandi,RS
200263,Miracatu,SP
203689,Barra Do Pirai,RJ
201197,Cedro De Sao Joao,SE
202228,Mantenopolis,ES
203824,Aparecida D'Oeste,SP
202841,Navegantes,SC
200784,Alem Paraiba,MG
201877,Itaocara,RJ
201478,Araras,SP
202698,Areia,PB
203101,Sao Jose Do Hortencio,RS
202321,Nhandeara,SP
202479,Mirai,MG
200273,Jacaraci,BA
203637,Sao Pedro,SP
202552,Jaguari,RS
201757,Machado,MG
204111,Redencao,PA
203368,Itapetinga,BA
201648,Junqueiropolis,SP
202931,Ilheus,BA
201490,Alto Rio Novo,ES
202654,Palestina,SP
203331,Castanhal,PA
202180,Penapolis,SP
204247,Portao,RS
202659,Vere,PR
203096,Palmares,PE
202994,Fervedouro,MG
201001,Luis Eduardo Magalhaes,BA
202918,Abreu E Lima,PE
204103,Rio Das Flores,RJ
203801,Maristela,SP
204129,Taquari,RS
200906,Inhumas,GO
202905,Juazeiro,BA
200532,Vicosa,MG
203125,Marechal Deodoro,AL
203054,Conceicao De Macabu,RJ
201511,Candido Sales,BA
201109,Franco Da Rocha,SP
203988,Sucesso,CE
204190,Sao Jose De Uba,RJ
200287,Altamira,PA
203095,Figueira,PR
202234,Bento Goncalves,RS
200564,Taquara,RS
203892,Espera Feliz,MG
201494,Sao Lourenco Da Mata,PE
200837,Pedro Leopoldo,MG
203712,Alvares Machado,SP
203625,Imbe,RS
201424,Santo Amaro De Campos,RJ
203705,Penedo,AL
200123,Bom Sucesso,MG
202724,Ipuiuna,MG
202083,Pindobacu,BA
201840,Florida Paulista,SP
202453,Sao Jose Do Cedro,SC
200516,Balneario Gaivota,SC
204051,Forquilhinha,SC
204067,Santo Anastacio,SP
203896,Santa Helena,MA
200222,Santa Cruz De Salinas,MG
203839,Coronel Vivida,PR
203392,Corinto,MG
204116,Santana Do Livramento,RS
202079,Sumidouro,RJ
202703,Palotina,PR
200598,Vila Langaro,RS
204010,Jequitiba,MG
202184,Panambi,RS
202263,Jaragua Do Sul,SC
203051,Miguel Pereira,RJ
200428,Caldas Brandao,PB
201670,Bonito De Minas,MG
200241,Brodowski,SP
202092,Acaiaca,MG
203122,Conselheiro Pena,MG
201066,Aracruz,ES
200018,Tupa,SP
203352,Guariba,SP
202268,Campo Belo,MG
204012,Aurora,SC
203222,Dourados,MS
202339,Sao Joao Nepomuceno,MG
203628,Santa Rosa De Lima,SC
203626,Chapada Do Norte,MG
200520,Vargem Grande Do Sul,SP
201289,Cafelandia,PR
200220,Marau,RS
204131,Miguelopolis,SP
203015,Farroupilha,RS
202160,Pitangui,MG
203193,Uaua,BA
203730,Urbano Santos,MA
203616,Alcantara,MA
202198,Indaial,SC
204096,Itapira,SP
200383,Santa Rita Do Sapucai,MG
203734,Ijui,RS
203106,Roca Sales,RS
202474,Santo Antonio De Jesus,BA
201434,Tres Rios,RJ
201327,Trindade,GO
200707,Poco Verde,SE
201506,Fazenda Nova,GO
201626,Pinheiros,ES
201549,Nova Luzitania,SP
203287,Valparaiso,SP
203702,Nossa Senhora Do Remedio,SP
202921,Jijoca De Jericoacoara,CE
202582,Castanheiras,RO
203531,Tres Lagoas,MS
201741,Carangola,MG
201914,Malacacheta,MG
201228,Alfredo Wagner,SC
203512,Mata De Sao Joao,BA
201795,Toropi,RS
203901,Buique,PE
204150,Cabeceira Grande,MG
202587,Porto Ferreira,SP
203865,Sarandi,PR
202999,Veranopolis,RS
203513,Caninde,CE
200022,Gongogi,BA
202120,Dores De Campos,MG
201343,Itanhandu,MG
200989,Traipu,AL
201796,Itaguai,RJ
200911,Guaranta,SP
201791,Sao Joaquim Da Barra,SP
202065,Aracati,CE
202447,Corupa,SC
204042,Santa Quiteria,CE
200156,Campo Alegre De Minas,MG
202898,Fartura,SP
203934,Joao Monlevade,MG
201753,Garibaldi,RS
200804,Capivari De Baixo,SC
200014,Barra Velha,SC
201488,Mirassol,SP
203443,Nova Odessa,SP
200311,Governador Lindenberg,ES
202748,Itapecerica Da Serra,SP
201213,Monte Carmelo,MG
203032,Igarape-Acu,PA
201595,Paraipaba,CE
201095,Piracaia,SP
203563,Rubiataba,GO
204071,Bocaina,PI
203188,Mafra,SC
202217,Tabira,PE
202982,Agua Boa,MT
201104,Treze Tilias,SC
200154,Trajano De Moraes,RJ
202589,Pirapora,MG
200169,Sao Pedro Da Aldeia,RJ
203662,Resplendor,MG
200822,Santa Helena De Goias,GO
202267,Luzilandia,PI
201369,Colombo,PR
202331,Joacaba,SC
203297,Mossoro,RN
202077,Presidente Venceslau,SP
203884,Bananeiras,PB
202313,Guapimirim,RJ
201566,Bom Jesus Do Itabapoana,RJ
202113,Carmo Do Rio Claro,MG
200959,Camocim De Sao Felix,PE
201682,Mineiros Do Tiete,SP
203359,Tubarao,SC
200310,Sao Domingos,MG
201255,Sidrolandia,MS
200861,Petrolandia,PE
201925,Riachao Das Neves,BA
200803,Cururupu,MA
202024,Angatuba,SP
200358,Garrafao Do Norte,PA
202643,Extrema,MG
202684,Alfredo Chaves,ES
201835,Francisco Beltrao,PR
202118,Ararangua,SC
202040,Cunha Pora,SC
202499,Venturosa,PE
201022,Serra Do Salitre,MG
201940,Piumhii,MG
200258,Rio Branco,AC
202581,Iturama,MG
203248,Comercinho,MG
201016,Ajuricaba,RS
203351,Unai,MG
202769,Siqueira Campos,PR
204122,Esperantina,PI
201941,Catalao,GO
202312,Tanhacu,BA
200530,Tapiratiba,SP
203242,Araucaria,PR
201761,Apiaca,ES
200481,Altinopolis,SP
203883,Buritizeiro,MG
202912,Sao Geraldo,MG
203300,Santa Clara D'Oeste,SP
203189,Petrolina,PE
201527,Cassilandia,MS
204061,Pau Dos Ferros,RN
201246,Codo,MA
203805,Colina,SP
202383,Jequia Da Praia,AL
203634,Ubaitaba,BA
200818,Jaguaribe,CE
202857,Maraba,PA
203083,Mineiros,GO
202206,Antonio Prado De Minas,MG
200634,Lambari,MG
200679,Amargosa,BA
200457,Merces,MG
201481,Esmeraldas,MG
200138,Sao Fidelis,RJ
200940,Barreiras,BA
201374,Regeneracao,PI
201420,Paulista,PE
200678,Baturite,CE
200149,Herval,RS
203748,Monsenhor Tabosa,CE
200705,Rio Bananal,ES
202252,Cantagalo,RJ
204118,Jacarei,SP
202363,Alto Paraiso,RO
201227,Santa Quiteria Do Maranhao,MA
201756,Leopoldina,MG
201201,Santa Maria Madalena,RJ
202790,Diorama,GO
201113,Gaspar,SC
204187,Campo Limpo Paulista,SP
202415,Fazenda Rio Grande,PR
202548,Orindiuva,SP
200851,Dom Silverio,MG
203953,Belo Jardim,PE
203930,Cacequi,RS
201671,Sirinhaem,PE
200786,Regente Feijo,SP
203800,Guarapuava,PR
201583,Iracemapolis,SP
203291,Silvania,GO
204168,Itaguari,GO
202008,Floriano,PI
203936,Curvelo,MG
204171,Seropedica,RJ
203247,Montanha,ES
203432,Cabrobo,PE
203172,Estrela,RS
200242,Conceicao Do Mato Dentro,MG
201285,Itatiba,SP
201125,Restinga Seca,RS
202537,Camacan,BA
203525,Adamantina,SP
203383,Trindade,PE
203177,Salto Do Ceu,MT
202001,Marechal Candido Rondon,PR
203290,Tangara Da Serra,MT
200253,Tanabi,SP
202063,Capanema,PR
204226,Parobe,RS
201681,Montenegro,RS
202274,Conchas,SP
203681,Marataizes,ES
200506,Seringueiras,RO
200077,Julio De Castilhos,RS
201159,Itaporanga,SP
202090,Miguel Calmon,BA
200047,Santa Rita Do Passa Quatro,SP
203714,Cesario Lange,SP
203346,Gravata,PE
203390,Piedade Dos Gerais,MG
201496,Sinop,MT
200091,Caceres,MT
202590,Russas,CE
200490,Jacarezinho,PR
203190,Xexeu,PE
201817,Tuparece,MG
202256,Agua Doce Do Norte,ES
201625,Carrancas,MG
201931,Ponta Pora,MS
203274,Campanha,MG
201469,Jucurucu,BA
201034,Formosa,GO
202975,Maracaju,MS
201551,Fernao,SP
200235,Araputanga,MT
203250,Inhapim,MG
202241,Bebedouro,SP
203092,Paragominas,PA
200692,Reboucas,PR
202567,Iramaia,BA
203699,Saloa,PE
201028,Varzea Nova,BA
201477,Juazeiro Do Norte,CE
204156,Dom Eliseu,PA
202812,Cangucu,RS
203523,Indiara,GO
202712,Sao Domingos Do Norte,ES
200378,Sao Joaquim,SC
203649,Planaltina Do Parana,PR
203121,Vilhena,RO
203039,Altos,PI
201491,Boa Vista,RR
200294,Sao Paulo Do Potengi,RN
202357,Itaqui,RS
203984,Toritama,PE
203446,Rio Negrinho,SC
201415,Santa Rita Do Araguaia,GO
202794,Campo Bom,RS
203373,Pocinhos,PB
200213,Paraty,RJ
201515,Abadia Dos Dourados,MG
203356,Eunapolis,BA
200587,Diamante Do Norte,PR
201865,Timoteo,MG
200295,Acegua,RS
201093,Marilandia,ES
200771,Irapuru,SP
200576,Taguatinga,DF
202427,Mendes Pimentel,MG
202671,Joao Lisboa,MA
200379,Juti,MS
203303,Brejo Santo,CE
201661,Milagres,BA
200928,Monte Mor,SP
202072,Sao Jose Da Barra,MG
201943,Abaira,BA
201531,Pindoretama,CE
201439,Jequie,BA
203404,Viana,MA
204092,Pompeia,SP
202859,Ananas,TO
203830,Promissao,SP
202842,Nova Olinda Do Maranhao,MA
203866,Itaiopolis,SC
201915,Ipiau,BA
202572,Cruz Das Almas,BA
200011,Ribeirao Do Pinhal,PR
200887,Mutum Parana,RO
201717,Avare,SP
201510,Goianira,GO
200944,Conceicao Do Castelo,ES
203788,Dois Corregos,SP
202078,Rio Negro,PR
202875,Lagoa Da Confusao,TO
201833,Sao Francisco De Paula,MG
202413,Rondonopolis,MT
202329,Ponte Alta Do Norte,SC
202406,Cravinhos,SP
203004,Barretos,SP
202868,Periquito,MG
201577,Patos,PB
201751,Urupes,SP
202231,Tijucas,SC
200758,Serra De Sao Bento,RN
201421,Rio Do Sul,SC
203814,Capim Grosso,BA
203673,Berilo,MG
200905,Lagoa De Sao Francisco,PI
201275,Mairinque,SP
200883,Sao Felix Do Xingu,PA
201901,Escada,PE
201859,Claudia,MT
200344,Apucarana,PR
201945,Santaluz,BA
203728,Santa Branca,SP
203527,Aguas Belas,PE
201602,Jacuipe,BA
202379,Belmonte,BA
201716,Juquitiba,SP
202240,Hidrolandia,GO
200398,Bocaiuva Do Sul,PR
200423,Sao Joao Batista,SC
204212,Jardinopolis,SP
203322,Analandia,SP
202075,Amparo,SP
202601,Alvaro De Carvalho,SP
200229,Goianesia,GO
200050,Uruana De Minas,MG
201656,Tupi Paulista,SP
201265,Porangatu,GO
203124,Candeias Do Jamari,RO
201058,Timbo,SC
200618,Floreal,SP
201419,Machacalis,MG
202423,Tambau,SP
203945,Tres Fronteiras,SP
200458,Parati,RJ
201584,Alvinopolis,MG
203888,Alvares Florence,SP
201373,David Canabarro,RS
203973,Guarabira,PB
203694,Simolandia,GO
201008,Taperuaba,CE
200811,Francisco Dumont,MG
203499,Corguinho,MS
204211,Bambui,MG
201567,Itaperuna,RJ
203876,Barra De Sao Francisco,ES
201073,Acopiara,CE
201258,Madre De Deus De Minas,MG
202784,Jambeiro,SP
203732,Sao Francisco De Itabapoana,RJ
201463,Santo Antonio Das Queimadas,PE
200389,Porto Feliz,SP
200952,General Carneiro,PR
203996,Pedras De Fogo,PB
202670,Aguas De Lindoia,SP
200789,Galia,SP
204032,Manga,MG
202938,Acarau,CE
202563,Guaramirim,SC
200985,Ibiuna,SP
201568,Dracena,SP
203088,Juruaia,MG
202355,Mata Verde,MG
203026,Estacao,RS
202466,Lucas Do Rio Verde,MT
203018,Curaca,BA
204079,Jaguariaiva,PR
203568,Valente,BA
203084,Ponto Do Marambaia,MG
201176,Moncoes,SP
203819,Cambuquira,MG
202705,Limeira Do Oeste,MG
202324,Governador Portela,RJ
203703,Piraquara,PR
202708,Santa Maria Da Vitoria,BA
203737,Pontalinda,SP
203918,Padre Bernardo,GO
202978,Barauna,RN
202536,Santa Isabel Do Rio Preto,RJ
201100,Castelandia,GO
201075,Sao Goncalo Do Rio Abaixo,MG
203195,Pinheiral,RJ
201794,Vigia,PA
200081,Guapore,RS
201774,Coroata,MA
200591,Uniao Do Oeste,SC
200384,Sao Manuel,SP
201555,Aimores,MG
201484,Sao Joao Do Oriente,MG
201291,Cristina,MG
203028,Itamogi,MG
204110,Barrinha,SP
200368,Paracambi,RJ
202565,Anchieta,SC
203267,Sao Borja,RS
200297,Sapucaia Do Sul,RS
201035,Aurilandia,GO
204243,Pradopolis,SP
201699,Sacramento,MG
200626,Sao Bento,MA
202525,Santana Da Boa Vista,RS
200627,Pinhalao,PR
202891,Tres Cachoeiras,RS
201187,Bela Vista,MS
200127,Balsas,MA
200066,Campos Gerais,MG
200983,Cajuru,SP
203909,Joao Neiva,ES
203104,Santa Rosa,RS
202067,Sao Jose Da Laje,AL
200272,Imbituva,PR
202340,Dona Emma,SC
201542,Utinga,BA
202625,Navirai,MS
203987,Eldorado Do Sul,RS
203140,Paulo Frontin,PR
204046,Canapolis,MG
201353,Portalegre,RN
200409,Acreuna,GO
201080,Icara,SC
203044,Campo Do Meio,MG
200593,Serro,MG
202405,Sao Goncalo Do Sapucai,MG
202159,Taguai,SP
201607,Cachoeira De Minas,MG
203818,Itabera,SP
201394,Jose Bonifacio,SP
202934,Bombinhas,SC
201675,Conchal,SP
202426,Paraopeba,MG
201430,Saudades,SC
200361,Terra Rica,PR
200366,Sento Se,BA
202777,Taquarivai,SP
202762,Jaua,BA
200404,Itacare,BA
200106,Pirauba,MG
200525,Luiziania,SP
204198,Niquelandia,GO
203165,Rodeiro,MG
203294,Pirai,RJ
202897,Tapirai,SP
203102,Santo Antonio Do Pinhal,SP
203166,Santa Adelia,SP
202880,Rio Paranaiba,MG
204157,Delmiro Gouveia,AL
201114,Olho D'Agua Das Flores,AL
202437,Taiuva,SP
201431,Santa Helena De Minas,MG
203495,Pedreira,SP
202612,Sao Pedro Do Iguacu,PR
203976,Aracoiaba Da Serra,SP
200980,Cacoal,RO
202334,Guanambi,BA
200363,Paranapanema,SP
202154,Nova Mutum,MT
203029,Ubaira,BA
200521,Ervalia,MG
202473,Pombal,PB
203047,Santa Mariana,PR
202833,Paracatu,MG
203020,Vera Cruz,BA
202855,Firminopolis,GO
204037,Sao Gotardo,MG
203068,Jacutinga,MG
201193,Passa Quatro,MG
201135,Afogados Da Ingazeira,PE
200717,Nepomuceno,MG
200505,Porciuncula,RJ
201376,Itaguacu,GO
203719,Perdizes,MG
200545,Monte Alegre De Minas,MG
203077,Castro,PR
203773,Borda Da Mata,MG
200162,Fernando Prestes,SP
203647,Boa Vista Das Missoes,RS
201088,Colombia,SP
203170,Itaitinga,CE
200977,Riachao Do Jacuipe,BA
204141,Itajuba,MG
201780,Arroio Grande,RS
201923,Ibate,SP
204016,Sao Miguel Arcanjo,SP
200438,Teixeiras,MG
201665,Lapa,PR
200966,Fundao,ES
200283,Chavantes,SP
202368,Sandolandia,TO
203861,Aracuai,MG
202796,Serrinha,BA
200198,Palmeira Das Missoes,RS
203237,Bom Conselho,PE
201283,Virginopolis,MG
201783,Itarare,SP
201624,Sao Goncalo Do Amarante,CE
203610,Sao Jose De Ribamar,MA
202989,Concordia,SC
202400,Agudos,SP
203391,Braganca,PA
200986,Emilianopolis,SP
202389,Mirassol D'Oeste,MT
202341,Jaguaruana,CE
200750,Camamu,BA
202238,Santarem,PA
201286,Sanclerlandia,GO
201453,Lourdes,SP
202068,Bom Jesus,SC
203141,Sao Joao Da Urtiga,RS
202204,Cordeiropolis,SP
200709,Tremembe,SP
200400,Papagaios,MG
202793,Paraiso,SC
201259,Uniao Do Sul,MT
203600,Sao Raimundo Nonato,PI
203594,Apodi,RN
202315,Campo Alegre De Lourdes,BA
203550,Sao Sebastiao,SP
201651,Mario Campos,MG
202604,Quarai,RS
201277,Ibirarema,SP
200794,Rio Fortuna,SC
201836,Araquari,SC
203932,Liberdade,MG
200691,Jaboti,PR
202910,Xapuri,AC
201713,Arapoti,PR
203419,Mascote,BA
203100,Ipua,SP
203856,Faxinal,PR
202620,Itapissuma,PE
200352,Araripina,PE
202966,Laranjal Paulista,SP
200656,Piratininga,SP
202566,Porto Belo,SC
203471,Belem Do Sao Francisco,PE
201637,Ipaussu,SP
201003,Senhor Do Bonfim,BA
200459,Ibitinga,SP
203378,Serra Dos Dourados,PR
203522,Triunfo,RS
203989,Guaraci,SP
203498,Sertao Santana,RS
201229,Januaria,MG
203213,Cerqueira Cesar,SP
200557,Oeiras Do Para,PA
202853,Bicas,MG
201786,Novo Horizonte,SP
200550,Sao Joao Do Paraiso,RJ
204004,Sao Jose Do Rio Claro,MT
203283,Itaara,RS
201899,Irineopolis,SC
202102,Engenheiro Passos,RJ
203940,Palmital,SP
202668,Itapecerica,MG
202387,Jequitai,MG
201582,Aluminio,SP
201750,Xanxere,SC
201948,Santa Rita,MA
203588,Mato Leitao,RS
203238,Ribeira,SP
202365,Sao Jose Do Barreiro,SP
202540,Ipu,CE
200290,Catuipe,RS
201917,Quixada,CE
204233,Braco Do Rio,ES
200713,Biritinga,BA
201853,Roseira,SP
202886,Casa Branca,SP
201933,Sao Lourenco,MG
200207,Barreiros,PE
200074,Ilha Solteira,SP
200931,Itapiranga,SC
202366,Joao Pinheiro,MG
201687,Crato,CE
200280,Jose De Freitas,PI
203640,Rodolfo Fernandes,RN
203428,Sao Jose Do Calcado,ES
203309,Itapemirim,ES
202558,Barra De Guabiraba,PE
202976,Bady Bassitt,SP
200689,Presidente Bernardes,SP
202097,Aurora,CE
200254,Vacaria,RS
203556,Divinolandia De Minas,MG
201787,Encruzilhada Do Sul,RS
203630,Alambari,SP
200569,Rio Pardo,RS
202750,Ipanema,MG
201122,Pirai Do Sul,PR
201385,Tapejara,RS
202419,Montividiu Do Norte,GO
201144,Guamiranga,PR
202524,Cornelio Procopio,PR
202248,Palmeiras De Goias,GO
202489,Goiabeira,MG
201808,Bugre,MG
203405,Canarana,MT
201078,Alto Araguaia,MT
201995,Sarandi,RS
202359,Piraju,SP
203145,Sao Lourenco Do Oeste,SC
200339,Cumari,GO
200672,Itaobim,MG
203507,Barreira,CE
203265,Irece,BA
202094,Agua Branca,PB
200664,Lindoia,SP
200638,Ituverava,SP
200017,Otacilio Costa,SC
200801,Brotas,SP
201355,Botuvera,SC
203107,Santana Do Paraiso,MG
200364,Bom Despacho,MG
203224,Piuma,ES
203138,Piedade,SP
203688,Capelinha,MG
203603,Pires Ferreira,CE
202852,Juvenilia,MG
204059,Rosario Do Sul,RS
202802,Alto Caparao,MG
203631,Peixoto De Azevedo,MT
201695,Frei Martinho,PB
200654,Santa Cruz Cabralia,BA
202049,Taiobeiras,MG
202718,Ariranha,SP
201668,Pimenta Bueno,RO
203270,Olho D'Agua Das Cunhas,MA
203478,Quatro Bocas,PA
202919,Senador Canedo,GO
201466,Boa Vista Da Aparecida,PR
201854,Ipameri,GO
203978,Senges,PR
203057,Paraguacu Paulista,SP
200343,Santa Vitoria,MG
203108,Varre-Sai,RJ
200651,Ribeirao Cascalheira,MT
202701,Sao Joao Do Manteninha,MG
202879,Coronel Macedo,SP
203683,Riqueza,SC
202622,Itamaraju,BA
202022,Guara,DF
201955,Tucunduva,RS
203875,Arroio Dos Ratos,RS
200735,Arroio Do Sal,RS
202192,Cruz,CE
200930,Palmitos,SC
202492,Monte Aprazivel,SP
202177,Sericita,MG
202516,Valenca Do Piaui,PI
204144,Serra Negra,SP
200416,Cabo De Santo Agostinho,PE
201223,Formiga,MG
201250,Santo Antonio Do Monte,MG
200163,Laguna,SC
201290,Senador Cortes,MG
202685,Olindina,BA
203099,Petrolandia,SC
203723,Pirapetinga,MG
203327,Carnaubais,RN
203962,Bilac,SP
201754,Pirpirituba,PB
204143,Varzelandia,MG
200703,Colider,MT
202085,Posse,GO
200658,Mangaratiba,RJ
200727,Presidente Dutra,MA
202826,Caxambu,MG
200443,Eneas Marques,PR
201068,Nova Veneza,GO
200734,Ortigueira,PR
202650,Guabiruba,SC
203458,Cristal,RS
202469,Belem,AL
201588,Anta Gorda,RS
201314,Salgueiro,PE
204148,Carmo Da Cachoeira,MG
203231,Remanso,BA
203295,Serra Do Ramalho,BA
202121,Canaa Dos Carajas,PA
203191,Lavras Do Sul,RS
203806,Taquarituba,SP
202637,Marmeleiro,PR
201166,Sao Joao,PR
202119,Dois Vizinhos,PR
203169,Condor,RS
201655,Cachoeira Do Sul,RS
202197,Sideropolis,SC
201571,Carius,CE
203960,Boa Esperanca Do Sul,SP
200895,Ipigua,SP
201652,Nova Xavantina,MT
204112,Garopaba,SC
201905,Isaias Coelho,PI
201157,Guarani,MG
201221,Brauna,SP
201306,Farol,PR
202779,Astorga,PR
203746,Vera Cruz,SP
201002,Paranaiguara,GO
200913,Jardim Do Serido,RN
203835,Ecoporanga,ES
203409,Sao Lourenco Do Sul,RS
202409,Carmo Do Paranaiba,MG
200456,Santa Cruz,RN
203027,Tunas Do Parana,PR
202410,Riolandia,SP
204014,Oliveira,MG
203638,Paranaiba,MS
201025,Lupercio,SP
202112,Capinzal,SC
201705,Santa Cruz Das Palmeiras,SP
200899,Dom Feliciano,RS
201897,Ponte Nova,MG
201752,Carai,MG
200218,Charqueadas,RS
200924,Sao Miguel Do Oeste,SC
204216,Boa Esperanca,MG
202827,Mantena,MG
203969,Parauapebas,PA
201909,Morro Do Chapeu,BA
202207,Mateus Leme,MG
200714,Campos Sales,CE
201117,Costa Rica,MS
203648,Candeias,BA
200601,Santa Albertina,SP
203258,Igrejinha,RS
201738,Aperibe,RJ
200164,Nazareno,MG
202923,Arvoredo,SC
200665,Rio Do Campo,SC
201758,Pien,PR
200614,Muniz Freire,ES
200584,Monte Azul,MG
201861,Salto Do Jacui,RS
200067,Visconde Do Rio Branco,MG
203922,Raposos,MG
203197,Quinta Do Sol,PR
200816,Matupa,MT
201818,Propria,SE
200151,Euclides Da Cunha Paulista,SP
203447,Caririacu,CE
202480,Divino,MG
204003,Aguas Da Prata,SP
201881,Rio Das Pedras,SP
202059,Tobias Barreto,SE
203129,Venancio Aires,RS
201638,Ivoti,RS
200215,Nova Era,MG
203382,Uniao Da Vitoria,PR
202778,Sao Jose Da Vitoria,BA
200360,Sapucai-Mirim,MG
201857,Campo Ere,SC
201400,Estancia Velha,RS
203783,Bonito,MS
202946,Itabela,BA
202235,Dobrada,SP
204179,Campos Do Jordao,SP
201606,Sao Joao Do Piaui,PI
201126,Macedonia,SP
201436,Barao De Cocais,MG
202167,Bom Jesus,GO
200466,Sao Jorge Do Patrocinio,PR
200725,Macaiba,RN
203804,Balneario Picarras,SC
203418,Doverlandia,GO
202730,Sao Lourenco Da Serra,SP
202239,Jamaica,SP
203116,Capao Da Canoa,RS
203451,Rio Novo,MG
201712,Ferros,MG
200847,Santa Cruz Do Capibaribe,PE
201663,Paraisopolis,MG
200426,Alto Santo,CE
200579,Valparaiso De Goias,GO
200437,Ibitioca,RJ
203360,Capivari,SP
200832,Rio Acima,MG
203813,Goianesia Do Para,PA
203823,Nova Granada,SP
201812,General Maynard,SE
202475,Rio Real,BA
203726,Cotegipe,BA
201360,Sao Roque Do Canaa,ES
204193,Peruibe,SP
203227,Piracuruca,PI
203160,Vargeao,SC
201244,Bom Principio,RS
202244,Teodoro Sampaio,SP
201115,Arceburgo,MG
200956,Itamari,BA
201960,Mar De Espanha,MG
202328,Vera Cruz,RN
203059,Gaviao Peixoto,SP
202182,Quata,SP
200054,Crateus,CE
200696,Esperanca,PB
200332,Chale,MG
200704,Charqueada,SP
202869,Dom Pedro,MA
204158,Bertioga,SP
200880,Alagoa,MG
202074,Pinheiro Machado,RS
201271,Monte Azul Paulista,SP
201208,Rondon Do Para,PA
203424,Ewbank Da Camara,MG
201614,Japaratuba,SE
203572,Bandeirantes,MS
202627,Sao Jose Do Norte,RS
201821,Juruena,MT
203738,Jauru,MT
202972,Confresa,MT
202145,Perola Independente,PR
203367,Barra Bonita,SP
202460,Gastao Vidigal,SP
202133,Batatais,SP
202656,Pescador,MG
201870,Conceicao Da Aparecida,MG
200500,Salto De Pirapora,SP
200630,Sucupira Do Norte,MA
203745,Mamanguape,PB
203073,Orlandia,SP
202114,Tocantinopolis,TO
200271,Inacio Martins,PR
201004,Balneario Rincao,SC
201032,Minacu,GO
203955,Arapongas,PR
204209,Ibatiba,ES
203377,Cachoeira Alta,GO
201755,Itaparica,BA
203964,Areado,MG
200380,Campinas Do Sul,RS
201408,Cafeara,PR
201689,Rio Bonito,RJ
200027,Guzolandia,SP
201061,Brejo Da Madre De Deus,PE
202873,Adolfo,SP
202780,Ametista Do Sul,RS
200687,Mozarlandia,GO
203275,Esteio,RS
203858,Nossa Senhora Do Socorro,SE
202996,Imbuia,SC
200871,Ipira,BA
200890,Lagoa Vermelha,RS
202602,Macau,RN
200813,Nanuque,MG
203240,Goiatuba,GO
203608,Colorado,PR
201979,Almenara,MG
204069,Espinosa,MG
200190,Americo Brasiliense,SP
202171,Ritapolis,MG
202776,Mangueirinha,PR
204015,Santana Da Vargem,MG
200782,Cicero Dantas,BA
201443,Inga,PB
202258,Aiuruoca,MG
202863,Iguatu,CE
203849,Jeceaba,MG
203474,Barra Do Corda,MA
201083,Santo Antonio Do Aracangua,SP
203663,Carlos Barbosa,RS
202807,Santo Amaro Da Imperatriz,SC
200774,Itatiaia,RJ
203604,Apiai,SP
202111,Itapora,MS
200854,Aguas Mornas,SC
202738,Tucurui,PA
202498,Jacunda,PA
201069,Salinas,MG
203464,Ascurra,SC
201053,Perdigao,MG
202205,Castanheira,MT
200442,Congonhinhas,PR
201831,Catigua,SP
201313,Cruzeiro Do Sul,AC
203816,Santa Maria Do Suacui,MG
202155,Parana,TO
201627,Itumbiara,GO
201654,Piquete,SP
201217,Jaguare,ES
202306,Morada Nova,PA
200514,Moju,PA
202300,Pereira Barreto,SP
204166,Santa Gertrudes,SP
201944,Alfredo Vasconcelos,MG
201930,Reserva Do Cabacal,MT
202729,Maximiliano De Almeida,RS
202619,Italva,RJ
200549,Capao Do Cipo,RS
202766,Arcos,MG
201363,Pinheiro,MA
201847,Claudio,MG
202183,Pirapozinho,SP
202666,Barra Da Estiva,BA
201239,Candeias,MG
200979,Lagoa De Velhos,RN
200609,Colorado Do Oeste,RO
201562,Pedra Azul,MG
201737,Pomerode,SC
200570,Inaja,PR
203775,Pedro Afonso,TO
202138,Medicilandia,PA
202319,Antonina Do Norte,CE
200694,Oriente,SP
200998,Capanema,PA
203253,Barra Do Choca,BA
202271,Queimadas,PB
203187,Bom Jardim De Minas,MG
202225,Segredo,RS
202818,Taio,SC
201233,Vila Valerio,ES
203615,Rio Do Pires,BA
203834,Ivora,RS
201047,Ocara,CE
200559,Cambira,PR
201292,Tres Pontas,MG
200246,Ibirama,SC
203764,Teotonio Vilela,AL
203261,Santo Antonio Da Platina,PR
203534,Siriji,PE
202161,Embu,SP
200910,Manoel Ribas,PR
204009,Sao Tome,RN
202787,Corumba De Goias,GO
200736,Tocos,RJ
204033,Cristalandia,TO
201719,Goias,GO
204115,Igarata,SP
201845,Natividade,RJ
201423,Iepe,SP
200032,Barros Cassal,RS
202358,Vista Alegre,RS
203741,Tupaciguara,MG
202628,Miranorte,TO
201928,Sao Benedito Do Sul,PE
200885,Goiana,PE
200719,Mutunopolis,GO
200221,Aripuana,MT
201962,Alto Paraiso De Goias,GO
200526,Fortuna,MA
203011,Delfim Moreira,MG
202653,Independencia,CE
204087,Potirendaba,SP
202393,Piritiba,BA
201182,Rio Largo,AL
201454,Bom Jardim,RJ
202451,Amontada,CE
202021,Salinas Da Margarida,BA
200102,Mundo Novo,MS
201947,Santo Antonio Do Grama,MG
202403,Bandeira Do Sul,MG
201052,Planalto,PR
201154,Urupa,RO
200476,Andira,PR
203695,Cassia,MG
202172,Santana Do Jacare,MG
203643,Ouroeste,SP
201502,Sao Jose Da Lapa,MG
201480,Tres De Maio,RS
202038,Sao Miguel,RN
200084,Simonesia,MG
201330,Paraibuna,SP
202915,Casca,RS
203956,Tres Coroas,RS
200741,Piracanjuba,GO
201392,Santo Eduardo,RJ
203161,Livramento De Nossa Senhora,BA
203977,Conceicao Da Barra,ES
202468,Itambe,BA
201472,Sao Tomas De Aquino,MG
200262,Cedral,SP
202174,Selbach,RS
202070,Rio Azul,PR
202744,Vila Dos Cabanos,PA
202831,Campinorte,GO
202836,Trabiju,SP
203230,Cansancao,BA
202450,Lagoa Grande,PE
200897,Lavinia,SP
202220,Paranatinga,MT
200315,Jaguaruna,SC
201220,Chapada Gaucha,MG
202276,Santa Barbara,MG
202528,Corumbaiba,GO
201554,Iati,PE
200013,Bueno Brandao,MG
201319,Terra Nova Do Norte,MT
203087,Nova Olimpia,MT
202883,Maravilhas,MG
201920,Domingos Martins,ES
203144,Ouro Verde,SP
203111,Tres Arroios,RS
203147,Sapezal,MT
201064,Presidente Olegario,MG
201485,Pocoes De Paineiras,MG
202455,Bocaiuva,MG
201167,Abaete,MG
202858,Ibiraja,BA
200058,Sao Jose Do Vale Do Rio Preto,RJ
200836,Barracao,PR
203709,Maracai,SP
203486,Iomere,SC
203979,Ibipora,PR
201249,Paranacity,PR
203214,Floresta,PE
203967,Boa Vista Do Burica,RS
202961,Novo Barreiro,RS
202257,Rio Piracicaba,MG
203664,Santanesia,RJ
201524,Sao Jose Do Egito,PE
203127,Beberibe,CE
200053,Sabinopolis,MG
203136,Crixas,GO
201471,Nova Brasilandia D'Oeste,RO
202226,Riacho De Santana,BA
202814,Pedra Lavrada,PB
203036,Irani,SC
202510,Quedas Do Iguacu,PR
200772,Porteiras,CE
202487,Aurora Do Para,PA
200603,Una,BA
200511,Cristalia,MG
200209,Prata,MG
202788,Sao Luis De Montes Belos,GO
202157,Capetinga,MG
200226,Rio De Contas,BA
200610,Sao Felix Do Coribe,BA
202928,Santa Tereza Do Oeste,PR
200781,Santana Do Cariri,CE
201449,Morretes,PR
203742,Xangri-La,RS
200348,Timbe Do Sul,SC
204076,Alagoinha,PB
201775,Ponte Serrada,SC
201458,Panorama,SP
201724,Luis Antonio,SP
201214,Sao Joao Do Sobrado,ES
203853,Vila Flores,RS
202967,Arvorezinha,RS
203898,Santa Maria De Itabira,MG
203411,Arapora,MG
202236,Alvarenga,MG
200227,Sao Joao Da Ponte,MG
200583,Sao Joao Dos Patos,MA
203544,Uruacu,GO
203902,Palmeira Dos Indios,AL
200768,Vila Nelita,ES
200248,Jacui,MG
202057,Sebastiao Leal,PI
201071,Itapeva,MG
203736,Campos Altos,MG
202411,Lagoa Nova,RN
204205,Centenario Do Sul,PR
202146,Sertania,PE
202277,Conde,BA
200523,Itabaianinha,SE
201015,Itanhem,BA
200327,Agudo,RS
201065,Alta Floresta,MT
201256,Sao Mamede,PB
204064,Sao Sepe,RS
203707,Patrocinio Paulista,SP
203539,Anchieta,ES
203380,Jeremoabo,BA
200825,Nova Fatima,BA
203848,Areial,PB
200089,Morungaba,SP
201450,Sao Miguel Do Cambui,PR
204063,Bonfim,MG
202579,Cha Grande,PE
202073,Martins Soares,MG
200560,Getulio Vargas,RS
202594,Rio Manso,MG
203799,Maracas,BA
201564,Simao Dias,SE
202977,Barra Do Garcas,MT
203891,Herveiras,RS
203396,Divino De Sao Lourenco,ES
202282,Paulistana,PI
201935,Bezerros,PE
202772,Aparecida Do Taboado,MS
203582,Chapadao Do Ceu,GO
203058,Sao Joao Do Paraiso,MG
200607,Cairu,BA
200150,Corumba,MS
201553,Itapipoca,CE
200917,Cruzeiro Do Iguacu,PR
202690,Cabreuva,SP
201310,Simoes Filho,BA
200929,Taparuba,MG
200566,Sao Benedito Do Rio Preto,MA
203006,Cabaceiras Do Paraguacu,BA
200596,Bom Repouso,MG
202051,Belmonte,SC
203589,Ibaiti,PR
203999,Reserva,PR
201505,Rio Bonito Do Iguacu,PR
202250,Severinia,SP
201475,Nova Europa,SP
200635,Corbelia,PR
204093,Zortea,SC
202823,Tibagi,PR
201074,Jaci,SP
201194,Nuporanga,SP
200886,Guamare,RN
204135,Itaguacu Da Bahia,BA
202781,Sao Domingos Das Dores,MG
203536,Sao Francisco Do Gloria,MG
201158,Conservatoria,RJ
202644,Terra De Areia,RS
203931,Aquidauana,MS
201203,Vera Cruz,RS
200932,Baixo Guandu,ES
201858,Natercia,MG
203399,Reserva Do Iguacu,PR
200745,Cerro Largo,RS
203784,Sao Martinho,RS
203156,Camutanga,PE
202233,Sao Sebastiao Do Alto,RJ
203388,Queimadas,BA
200057,Tailandia,PA
200902,Santana Do Manhuacu,MG
202662,Tres Marias,MG
201676,Murici,AL
201253,Missal,PR
200875,Ajapi,SP
202677,Sao Valentim,RS
203535,Adrianopolis,PR
201179,Caraubas,RN
200838,Sananduva,RS
203496,Chapada,RS
201696,Entre Rios Do Oeste,PR
200805,Purilandia,RJ
201823,Cubati,PB
200454,Frutal,MG
203016,Campo Formoso,BA
202156,Lagoa Grande,MG
200563,Tupancireta,RS
204060,Bataguassu,MS
200798,Manhumirim,MG
202959,Rolante,RS
200688,Cambara,PR
202800,Morro Agudo,SP
203900,Mirinzal,MA
202278,Varjao De Minas,MG
201474,Cumaru,PE
201516,Horizontina,RS
202333,Jaqueira,PE
202229,Urucuia,MG
201272,Areal,RJ
202580,Santa Maria Da Boa Vista,PE
200663,Sobral,CE
200877,Tutoia,MA
201037,Abaetetuba,PA
203894,Augusto Correa,PA
203215,Sao Joao Do Ivai,PR
202292,Castro Alves,BA
201325,Pongai,SP
201538,Turvo,PR
203282,Uruburetama,CE
200377,Nova Ponte,MG
201264,Vila Nova,PR
202407,Carpina,PE
201235,Primeiro De Maio,PR
203676,Uruara,PA
204006,Estiva Gerbi,SP
201830,Atilio Vivacqua,ES
200203,Desterro,PB
203558,Raposo,RJ
200260,Urubici,SC
203562,Canarana,BA
203639,Ibicarai,BA
201184,Guacui,ES
200009,Oroco,PE
203925,Iacanga,SP
200723,Sao Vicente,RN
202595,Acailandia,MA
204101,Barcarena,PA
200757,Santa Lucia,SP
203450,Sao Felix,BA
201198,Engenheiro Coelho,SP
203566,Itariri,SP
201462,Celina,ES
203415,Cruzilia,MG
200920,Jardim,MS
203793,Balneario Pinhal,RS
203196,Aragarcas,GO
203034,Santa Teresa,ES
200228,Meleiro,SC
204147,Cotriguacu,MT
203094,Witmarsum,SC
202593,Nova Andradina,MS
204238,Ouricuri,PE
201441,Marituba,PA
201367,Laurentino,SC
200878,Vera,MT
202911,Paranaita,MT
200715,Nova Bassano,RS
201975,Boa Vista Do Gurupi,MA
202050,Tapes,RS
200971,Areia Branca Dos Assis,PR
203697,Rio Brilhante,MS
203335,Inaciolandia,GO
200964,Candido De Abreu,PR
202327,Coxilha,RS
203180,Penha,SC
203715,Piedade Do Rio Grande,MG
202187,Araruna,PR
200033,Campo Novo Do Parecis,MT
204081,Porto Nacional,TO
204019,Pacaembu,SP
202983,Bituruna,PR
203947,Maravilha,SC
200600,Duartina,SP
203206,Claro Dos Pocoes,MG
200597,Barro,CE
201893,Bonito,PA
201429,Guadalupe,PI
202969,Muqui,ES
202137,Ji-Parana,RO
203441,Central,BA
202486,Chopinzinho,PR
202496,Itajobi,SP
202577,Ituporanga,SC
202493,Santo Amaro,BA
202721,Igarapava,SP
203254,Catu De Abrantes,BA
203158,Sao Francisco De Paula,RS
200999,Sao Domingos,PE
201276,Praia Grande,SC
203313,Descalvado,SP
200827,Ibiai,MG
203318,Cedral,MA
202791,Sao Domingos,SC
200446,Andrelandia,MG
203929,Fenix,PR
202163,Caetanopolis,MG
203725,Chaveslandia,MG
200841,Flor Da Serra Do Sul,PR
202134,Alexania,GO
200640,Itabaiana,SE
201765,Barra,BA
202370,Capela,SE
203192,Dom Aquino,MT
201594,Santa Vitoria Do Palmar,RS
201101,Quissama,RJ
200829,Colonia Vitoria,PR
203739,Madre De Deus,BA
200876,Irati,PR
200791,Quixada,PE
203110,Montadas,PB
203682,Barbosa Ferraz,PR
200180,Lobato,PR
203379,Pilao Arcado,BA
200954,Novo Oriente,CE
200553,Palmopolis,MG
200955,Barbalha,CE
201274,Tabapua,SP
202144,Santa Isabel Do Para,PA
203348,Bocaina,SP
202840,Belem,PB
200759,Sao Domingos,BA
201900,Arraias,TO
203911,Dom Vicoso,MG
202638,Aparecida,SP
203641,Santa Fe,PR
200675,Eloi Mendes,MG
201720,Quatigua,PR
200365,Jussiape,BA
204113,Pompeu,MG
200403,Buenopolis,MG
202066,Presidente Getulio,SC
201149,Matrincha,GO
200850,Formoso Do Araguaia,TO
202249,Pontao,RS
200402,Frei Rogerio,SC
201433,Ceu Azul,PR
203003,Aguas De Sao Pedro,SP
204163,Itajuipe,BA
203081,Araguatins,TO
204191,Natividade Da Serra,SP
201546,Bernardino De Campos,SP
200320,Parnarama,MA
204072,Perpetuo Socorro,MG
202760,Pedro De Toledo,SP
202106,Serra Dos Aimores,MG
202123,Tuiuti,SP
204241,Bento De Abreu,SP
204073,Sao Joaquim Do Monte,PE
201869,Paulo Jacinto,AL
202557,Mundo Novo,BA
202362,Moreno,PE
201886,Pesqueira,PE
203845,Sao Bras Do Suacui,MG
203602,Clevelandia,PR
200019,Biritiba-Mirim,SP
200029,Torrinha,SP
201587,Tabatinga,SP
201326,Assai,PR
200160,Itai,SP
202047,Pinhalzinho,SC
201262,Juruti,PA
202185,Francisco Sa,MG
203481,Tejupa,SP
201495,Conceicao Do Coite,BA
203678,Sapopema,PR
202756,Xinguara,PA
200616,Taquaritinga Do Norte,PE
203833,Tarumirim,MG
200256,Tres Forquilhas,RS
202887,Caraibas,BA
203341,Sao Martinho,SC
203357,Tres Passos,RS
203361,Cajari,MA
200858,Sao Miguel Do Iguacu,PR
203576,Pantano Grande,RS
204074,Guapirama,PR
200145,Xambioa,TO
200042,Boa Viagem,CE
203484,Carajas,PA
201322,Jundiai Do Sul,PR
204105,Varzea Da Palma,MG
201346,Pirajui,SP
202055,Brasilandia,MS
202544,Demerval Lobao,PI
200133,Campo Alegre,SC
200896,Guaraciaba Do Norte,CE
203935,Monte Belo Do Sul,RS
201503,Encantado,RS
200637,Fortim,CE
203776,Ampere,PR
203076,Capitolio,MG
200482,Careacu,MG
200823,Lages,CE
202029,Sobradinho,DF
201470,Vargem Grande,MA
202773,Estancia,SE
201049,Bandeirantes Do Tocantins,TO
201146,Fraiburgo,SC
204239,Janauba,MG
202824,Jandaira,BA
203774,Sabino,SP
200539,Cambuci,RJ
201254,Uirauna,PB
203847,Wenceslau Guimaraes,BA
201082,Nova Esperanca,PR
204222,Quijingue,BA
202767,Itauba,MT
204220,Santa Maria,RN
201384,Jerico,PB
202128,Icem,SP
201848,Inconfidentes,MG
202124,Amambai,MS
204185,Mutum,MG
200644,Buriti,MA
202651,Jardim Olinda,PR
200043,Rio Maria,PA
200024,Guidoval,MG
202710,Dianopolis,TO
202270,Santa Juliana,MG
201318,Brejo Bonito,MG
204176,Santa Maria Do Para,PA
203605,Ribeira Do Pombal,BA
200629,Macambara,RS
202527,Salto Do Lontra,PR
201380,Nova Mamore,RO
201094,Morrinhos,GO
202395,Itapecuru Mirim,MA
200752,Divisa Alegre,MG
203623,Turvania,GO
202843,Rio Grande Do Piaui,PI
203998,Afranio,PE
203904,Milagres,CE
204130,Santana Do Acarau,CE
200090,Trombudo Central,SC
200038,Balsamo,SP
202304,Anta,RJ
202930,Igaci,AL
202783,Missi,CE
202598,Nova Cantu,PR
203763,Icatu,MA
200212,Bom Jesus Das Selvas,MA
200467,Barroso,MG
201740,Pedrinopolis,MG
203696,Tiros,MG
200542,Divinopolis Do Tocantins,TO
200452,Pedranopolis,SP
200003,Sao Domingos Do Prata,MG
202689,Planaltina,GO
202711,Taciba,SP
202719,Espirito Santo Do Turvo,SP
201586,Oeiras,PI
203624,Palma,MG
201046,Limoeiro Do Norte,CE
202610,Itau,RN
203365,Sao Jeronimo,RS
200780,Sao Miguel Do Aleixo,SE
201781,Chapadao Do Lageado,SC
202030,Lagoa Formosa,MG
204080,Jaborandi,SP
201218,Carlinda,MT
202422,Timburi,SP
201784,Kalore,PR
203080,Cabedelo,PB
200439,Mata Grande,AL
201212,Rosana,SP
202188,Vertentes,PE
201464,Neves Paulista,SP
202613,Matipo,MG
202373,Juquia,SP
202866,Sao Joao Batista,MA
202611,Nova Itaberaba,SC
201744,Salmourao,SP
201174,Sao Sebastiao Da Boa Vista,PA
200683,Catas Altas,MG
202452,Planura,MG
203780,Parauna,GO
200088,Balneario Arroio Do Silva,SC
200117,Rodeio Bonito,RS
202428,Jaguaquara,BA
204102,Garuva,SC
200575,Itupiranga,PA
200143,Sao Sebastiao Do Passe,BA
200599,Carmo,RJ
203475,Passos Maia,SC
203666,Cerro Grande,RS
200892,Herval D'Oeste,SC
201273,Teixeira Soares,PR
200349,Sao Goncalo Do Rio Preto,MG
202335,Santo Antonio Da Patrulha,RS
201091,Catanduvas,SC
201541,Agua Fria De Goias,GO
200909,Bom Jesus Do Norte,ES
202141,Matelandia,PR
203650,Potiragua,BA
201359,Presidente Castello Branco,SC
203333,Almirante Tamandare Do Sul,RS
201863,Amarante,PI
202179,Rolim De Moura,RO
202109,Comodoro,MT
203579,Timon,MA
201659,Barra De Sao Joao,RJ
201779,Juscimeira,MT
202770,Conceicao Do Araguaia,PA
201215,Capoeiras,PE
200592,Santa Cruz,PE
203334,Paraju,ES
202221,Forquilha,CE
201767,Mucuri,BA
202497,Wenceslau Braz,PR
203485,Carlopolis,PR
201195,Antonio Martins,RN
202354,Unistalda,RS
200153,Sousa,PB
202472,Alto Boa Vista,MT
202502,Pariquera-Acu,SP
200108,Severiano Melo,RN
203614,Travessao,RJ
203221,Medeiros,MG
200261,Apuiares,CE
203515,Miranda,MS
201124,Tibau Do Sul,RN
203105,Itambacuri,MG
201834,Ceres,GO
202082,Ribeiraozinho,MT
201540,Nova Santa Rita,RS
202309,Palmitinho,RS
201136,Santa Monica,PR
201826,Populina,SP
201134,Baianopolis,BA
203854,Peabiru,PR
203939,Lima Duarte,MG
201205,Rancho Queimado,SC
201440,Sertanopolis,PR
200729,Girau Do Ponciano,AL
201057,Macaubas,BA
202414,Terenos,MS
203489,Monte Castelo,SP
200927,Itaperucu,PR
202865,Fazenda Vilanova,RS
204022,Campos Verdes,GO
203537,Milha,CE
201545,Bacabal,MA
202542,Boa Esperanca,ES
204218,Potengi,CE
203002,California Da Barra,RJ
203961,Japura,PR
201685,Orleans,SC
202374,Santa Ines,BA
200967,Biguacu,SC
200447,Ilha Comprida,SP
202917,Ico,CE
203374,Itaquitinga,PE
201603,Sarapui,SP
203329,Lagoa Do Mato,CE
202227,Engenheiro Paulo De Frontin,RJ
200988,Serra Azul De Minas,MG
202521,Parai,RS
202962,Camanducaia,MG
202020,Bela Vista De Minas,MG
203897,Iguaba Grande,RJ
200016,Sao Joao,PE
201829,Piranga,MG
200589,Guaracai,SP
200669,Ze Doca,MA
203590,Ipe,RS
203669,Inhambupe,BA
201169,Nova Campina,SP
200068,Sao Domingos Do Maranhao,MA
203554,Cupira,PE
202485,Delfinopolis,MG
203093,Ibirataia,BA
202889,Sao Goncalo Do Para,MG
202237,Varzedo,BA
201998,Aragoiania,GO
201366,Capim Branco,MG
200680,Cidelandia,MA
203821,Quirinopolis,GO
200148,Bom Retiro Do Sul,RS
201543,Grajau,MA
204167,Aracoiaba,PE
202958,Sardoa,MG
201445,Alta Floresta D'Oeste,RO
200267,Aquidaba,SE
202725,Sao Geraldo Da Piedade,MG
202583,Batalha,AL
203468,Fontoura Xavier,RS
200507,Nova Roma Do Sul,RS
201894,Nova Lacerda,MT
201735,Itambe,PR
201173,Maragogipe,BA
200281,Presidente Tancredo Neves,BA
201700,Cardoso Moreira,RJ
201907,Jussara,GO
201178,Esplanada,BA
200232,Atalaia,AL
201315,Mostardas,RS
201885,Glaura,MG
203859,Assare,CE
203642,Anastacio,MS
202012,Banabuiu,CE
201492,Capitao Leonidas Marques,PR
203038,Santa Lucia,PR
201268,Piranguinho,MG
201912,Aparecida De Sao Manuel,SP
200308,Santo Cristo,RS
201175,Maranguape,CE
204162,Novo Mundo,MT
202392,Canelinha,SC
201021,Barra Do Turvo,SP
201033,Nova Venecia,ES
203887,Teolandia,BA
202105,Goianapolis,GO
202872,Planalto,RS
201476,Caxambu Do Sul,SC
202746,Itabi,SE
202661,Cachoeira,BA
200407,Icapui,CE
201872,Icaraima,PR
203311,Sonora,MS
202467,Igarape,MG
200674,Cidade Ocidental,GO
200231,Mariopolis,PR
202728,Satuba,AL
201204,Novo Oriente Do Piaui,PI
202692,Candiota,RS
203755,Teodoro Sampaio,BA
203075,Uibai,BA
201605,Capitao Andrade,MG
202178,Quilombo,SC
203924,Sao Jose Do Xingu,MT
202461,Sitio Do Quinto,BA
203990,Denise,MT
201536,Santa Ines,MA
200357,Juatuba,MG
202988,Saltinho,SP
201139,Ituacu,BA
204152,Paramirim,BA
200286,Jacupiranga,SP
202294,Jupi,PE
200903,Joaquim Pires,PI
203952,Tiangua,CE
202259,Sao Luiz Gonzaga,RS
201216,Ubaporanga,MG
201827,Riacho Das Almas,PE
202005,Arapua,MG
202364,Iaciara,GO
200488,Pontes Gestal,SP
203980,Palma Sola,SC
202720,Nova Fatima,PR
200375,Indianopolis,PR
201428,Bertopolis,MG
202224,Xaxim,SC
203269,Sao Vicente Ferrer,PE
203842,Alto Alegre,PR
204065,Sao Francisco,MG
203159,Monte Castelo,SC
200083,Sao Joao Das Missoes,MG
203149,Goioere,PR
200036,Frei Inocencio,MG
202087,Agua Santa,RS
204231,Pirangi,SP
200182,Sao Joao Da Parauna,GO
202449,Motuca,SP
201513,Serrolandia,BA
203645,Gravatal,SC
203852,Espigao Do Oeste,RO
202971,Itacarambi,MG
200513,Rodelas,BA
200405,Morpara,BA
200217,Sao Desiderio,BA
202642,Palmeira D Oeste,SP
202786,Cacu,GO
202491,Curiuva,PR
202538,Conceicao Do Rio Verde,MG
201317,Sao Bento,PB
203041,Janiopolis,PR
202193,Santo Augusto,RS
203611,Patu,RN
201102,Alpercata,MG
203657,Sinimbu,RS
201320,Formigueiro,RS
200381,Holambra Ii,SP
204196,Iraucuba,CE
201574,Roque Gonzales,RS
203873,Coracao De Jesus,MG
200345,Presidente Medici,MA
203957,Cacule,BA
203072,Macatuba,SP
202195,Breu Branco,PA
204034,Parapua,SP
203886,Antonina,PR
202254,Cocal,PI
201354,Paula Candido,MG
204000,Guararema,SP
200326,Sanga Puita,MS
204089,Mendonca,SP
201797,Bananal,SP
203244,Avelar,RJ
201133,Campo Verde,MT
203434,Mato Verde,MG
200141,Joao Alfredo,PE
201344,Buritama,SP
203381,Jaragua,GO
202806,Serra Talhada,PE
200305,Aguas Vermelhas,MG
201362,Nova Floresta,PB
203358,Currais Novos,RN
203207,Corrego Danta,MG
202175,Ipiacu,MG
202809,Novo Progresso,PA
200179,Pontal,SP
202069,Fonseca,MG
200873,Sao Mateus Do Maranhao,MA
200441,Silva Jardim,RJ
200021,Pitanga,PR
202494,Caico,RN
203126,Carmesia,MG
200432,Ourilandia Do Norte,PA
201678,Bandeira,MG
202922,Itabatan,BA
203659,Itaguaje,PR
200633,Nova Alvorada Do Sul,MS
202048,Sao Gabriel Do Oeste,MS
201664,Sobradinho,RS
200826,Mandaguacu,PR
202272,Maurilandia,GO
200236,Candido Rodrigues,SP
203157,Altamira Do Parana,PR
203162,Ipaba,MG
200773,Itambe,PE
202503,Quixeramobim,CE
204203,Rio Pomba,MG
203700,Coluna,MG
201601,Santa Cruz De Minas,MG
200821,Colmeia,TO
203994,Guapo,GO
200007,Cachoeira Do Brumado,MG
201026,Quatis,RJ
202559,Martins,RN
201850,Pindare Mirim,MA
203872,Rio Preto,MG
200754,Arari,MA
203812,Sao Pedro Do Ivai,PR
202431,Apiuna,SC
201293,Cachoeira De Pajeu,MG
201572,Santo Antonio Do Itambe,MG
201633,Angulo,PR
200777,Vila Muriqui,RJ
203013,Maravilha,AL
201252,Salto Veloso,SC
202665,Itanhomi,MG
202518,Ipueira,RN
202412,Itaberaba,BA
200904,Serio,RS
202667,Guapiara,SP
203279,Brasilia De Minas,MG
203364,Jacare,SP
200371,Guaranta Do Norte,MT
203959,Patis,MG
203308,Ararica,RS
203927,Grao Mogol,MG
203729,Brasil Novo,PA
200410,Estrela Do Norte,SP
201368,Minas Do Leao,RS
203349,Varzea Alegre,CE
200099,Araguapaz,GO
202743,Nova Alvorada,RS
203618,Santa Fe De Goias,GO
201404,Redencao Da Serra,SP
203369,Bodo,RN
201493,Zacarias,SP
202150,Alcinopolis,MS
200306,Bela Vista De Goias,GO
200731,Bemposta,RJ
201300,Agua Comprida,MG
203658,Alterosa,MG
202957,Quixabeira,BA
203569,Morada Nova,CE
200171,Serra Branca,PB
202927,Entre-Ijuis,RS
202200,Candido Mendes,MA
204245,Itirapina,SP
200165,Cajati,SP
203991,Ipumirim,SC
203584,Igarape-Miri,PA
201629,Mundo Novo,GO
203551,Schroeder,SC
200667,Mussurepe,RJ
203781,Estiva,MG
201816,Avanhandava,SP
201332,Fatima,BA
200809,Bonito De Santa Fe,PB
203770,Mambore,PR
201303,Arrozal,RJ
201919,Rancho Alegre D'Oeste,PR
203720,Alto Parnaiba,MA
200718,Seara,SC
203510,Gilbues,PI
200849,Jaiba,MG
200172,Bonfinopolis De Minas,MG
201892,Santo Estevao,BA
202169,Amapa Do Maranhao,MA
202323,Entre Rios,BA
202302,Cedro,CE
201623,Serafina Correa,RS
202709,Marco,CE
201616,Rifaina,SP
200247,Tenente Portela,RS
204215,Cachoeira Dourada,GO
203718,Urucania,MG
203417,Ulianopolis,PA
201245,Ipira,SC
203216,Correia Pinto,SC
201234,Caiaponia,GO
200037,Urucui,PI
200753,Itaguacu,ES
203573,Morro Da Fumaca,SC
202191,Virgem Da Lapa,MG
200802,Mansidao,BA
202683,Nobres,MT
200436,Mata Roma,MA
200865,Cantagalo,MG
202795,Piquerobi,SP
200942,Novo Repartimento,PA
201600,Diamantino,MT
203019,Candelaria,RS
200309,Passagem Franca,MA
201537,Jacigua,ES
200097,Coqueiro Baixo,RS
200176,Corrente,PI
202477,Montezuma,MG
204021,Sao Carlos Do Ivai,PR
203871,Tabuleiro,MG
203476,Itatinga,SP
203120,Catende,PE
200996,Munhoz De Melo,PR
201590,Santa Luzia Do Parua,MA
202490,Auriflama,SP
202678,Pocoes,BA
203398,Santa Rita De Caldas,MG
201575,Esmeralda,RS
200205,Lagoa Da Canoa,AL
202771,Felixlandia,MG
203782,Nova Canaa,BA
201820,Sume,PB
201416,Barra Do Mendes,BA
204024,Dona Euzebia,MG
200894,Murutinga Do Sul,SP
200204,Perdoes,MG
201333,Andarai,BA
201451,Nova Cruz,RN
200503,Ubai,MG
203503,Espigao Alto Do Iguacu,PR
203505,Prado,BA
200976,Santa Clara Do Sul,RS
200800,Ibiaca,RS
201055,Parnamirim,PE
201407,Formosa Do Rio Preto,BA
202676,Cruzeiro Da Fortaleza,MG
203596,Formoso,GO
203063,Araponga,MG
203473,Eliseu Martins,PI
202053,Figueiropolis D'Oeste,MT
200015,Umbauba,SE
201662,Florai,PR
201550,Croata,CE
203413,Lajedo,PE
202655,Manfrinopolis,PR
202695,Gameleiras,MG
201714,Fronteira,MG
202837,Pacajus,CE
201482,Vicosa,AL
201202,Feira Nova,PE
203665,Caldas,MG
201658,Carvalhopolis,MG
203701,Japaraiba,MG
202298,Girua,RS
201801,Paineiras,MG
202726,Cambara Do Sul,RS
203031,Boraceia,SP
202000,Itaituba,PA
201338,Sao Tiago,MG
202283,Itororo,BA
204028,Alianca Do Tocantins,TO
200631,Recreio,MG
202727,Angustura,MG
200338,Ipojuca,PE
200445,Lunardelli,PR
201535,Abadiania,GO
202416,Massape,CE
201691,Celso Ramos,SC
202143,Junqueiro,AL
203362,Nazare Paulista,SP
203542,Primavera,SP
200594,Oliveira Dos Brejinhos,BA
200693,Pau D'Arco,PA
200962,Ibateguara,AL
203560,Itirucu,BA
202617,Sao Tome,PR
200552,Sao Joao Do Manhuacu,MG
202456,Lagoa Dos Patos,MG
204159,Japi,RN
202596,Guaira,PR
202286,Itapetim,PE
201323,Quixere,CE
204237,Serrania,MG
201528,Frutuoso Gomes,RN
201725,Pequizeiro,TO
201785,Itamarandiba,MG
203794,Anaurilandia,MS
201561,Santana Do Mundau,AL
200126,Sao Cristovao,SE
202060,Amelia Rodrigues,BA
203493,Colonia Castrolanda,PR
201170,Massaranduba,SC
201814,Humildes,BA
203455,Contenda,PR
203517,Campinapolis,MT
201321,Praia Norte,TO
203921,Soledade,RS
201793,Pindai,BA
203024,Salgado Filho,PR
201266,Divinolandia,SP
201304,Camocim,CE
202500,Cananeia,SP
200605,Campestre,MG
200039,Casa Nova,BA
203880,Boca Da Mata,AL
202299,Americano Do Brasil,GO
201297,Carmopolis,SE
200528,Silveira Martins,RS
201534,Hidreletrica Tucurui,PA
202280,Sao Ludgero,SC
202816,Barra Do Ribeiro,RS
204140,Chui,RS
203760,Rianapolis,GO
201079,Rincao,SP
202652,Silveiras,SP
200359,Japira,PR
203479,Pacaja,PA
202308,Junco Do Serido,PB
202297,Florestopolis,PR
202345,Araci,BA
201282,Ita,SC
202998,Anhembi,SP
200116,Poco Fundo,MG
203338,Pium,TO
202014,Iguatama,MG
202850,Porangaba,SP
201328,Dois Riachos,AL
203421,Jardim Abc De Goias,GO
200468,Governador Eugenio Barros,MA
203281,Itagi,BA
202722,Novo Itacolomi,PR
200328,Pirambu,SE
200376,Tanque Novo,BA
201446,Borrazopolis,PR
202804,Itapirapua Paulista,SP
200199,Pedrinhas Paulista,SP
202482,Buriti Dos Lopes,PI
200762,Nova Ubirata,MT
201329,Sao Bernardo,MA
201295,Santo Antonio Do Palma,RS
202041,Juara,MT
202694,Meridiano,SP
203597,Surubim,PE
200031,Nova Veneza,SC
201966,Serra Dourada,BA
200602,Iacu,BA
202605,Bonfinopolis,GO
202782,Mossamedes,GO
203836,Xambre,PR
202658,Ocaucu,SP
203903,Sao Francisco,SE
203314,Conceicao Do Almeida,BA
202201,Lagoa Do Carro,PE
204055,Torres,RS
204133,Sao Francisco,SP
200243,Urucuca,BA
200413,Itarema,CE
200240,Jaciara,MT
203933,Sao Francisco Do Guapore,RO
201592,Alvorada D'Oeste,RO
203272,Santa Cruz Da Conceicao,SP
200107,Mae Do Rio,PA
201593,Datas,MG
203262,Nova Independencia,SP
203790,Magda,SP
200173,Indiapora,SP
203494,Arace,ES
200965,Coxim,MS
200531,Caputira,MG
203091,Irai,RS
203437,Vereda,BA
203299,Castelo Do Piaui,PI
203857,Santa Cruz Do Prata,MG
200991,Itapaci,GO
203771,Sao Miguel Do Guama,PA
201615,Cardoso,SP
203772,Padre Gonzales,RS
202997,Capao Do Leao,RS
200726,Arneiroz,CE
202173,Rio Verde,PR
202747,Sombrio,SC
203916,Sao Sebastiao Da Amoreira,PR
202828,Coari,AM
201772,Nova Aurora,GO
201726,Monte Santo De Minas,MG
200367,Pinhao,SE
202336,Santana Do Ipanema,AL
200842,Sabaudia,PR
201643,Sao Miguel Do Gostoso,RN
201790,Porto Franco,MA
201896,Caninde De Sao Francisco,SE
202398,Imbe De Minas,MG
204242,Cidreira,RS
203855,Carire,CE
201230,Agua Limpa,GO
200649,Indianopolis,MG
200333,Caiua,SP
201054,Meruoca,CE
203913,Vianopolis,GO
201604,Campo Maior,PI
200975,Nova Russas,CE
201017,Lagoa Dos Gatos,PE
204041,Centro Novo Do Maranhao,MA
201898,Lauro Muller,SC
200795,Itueta,MG
200738,Concordia Do Para,PA
201200,Passo De Torres,SC
201924,Realeza,PR
204031,Tres Barras,SC
201976,Cruzeiro Do Oeste,PR
202699,Cabralia Paulista,SP
200210,Presidente Kubitschek,MG
203983,Jandaia,GO
200916,Igaracu Do Tiete,SP
200214,Tapinas,SP
202369,Eldorado,SP
203232,Nazare,BA
201768,Antunes,MG
202686,Sao Joao Do Sul,SC
203765,Ilhota,SC
202288,Buenos Aires,PE
202330,Lindolfo Collor,RS
203997,Cortes,PE
203438,Rio Tinto,PB
202505,Santo Antonio Do Descoberto,GO
201209,Pedra,PE
202606,Maracacume,MA
202630,Vespasiano Correa,RS
202829,Sao Jose De Mipibu,RN
202592,Santa Rita Do Ibitipoca,MG
201206,Ribeira Do Amparo,BA
201405,Igaratinga,MG
201238,Sao Jose Da Tapera,AL
201548,Deputado Irapuan Pinheiro,CE
202949,Santana,BA
202682,Vitorinos,MG
200515,Resende Costa,MG
200790,Gabriel Monteiro,SP
203131,Jesuania,MG
204117,Pedro Canario,ES
201489,Boa Esperanca,PR
201598,Ribeirao Do Sul,SP
203410,Miraguai,RS
200460,Ibiraiaras,RS
202433,Divinopolis De Goias,GO
202135,Ventania,PR
202338,Itapagipe,MG
203710,Gouveia,MG
200424,Santo Antonio Do Aventureiro,MG
202285,Pontes E Lacerda,MT
203347,Sanharo,PE
201580,Teutonia,RS
201613,Ourizona,PR
200291,Sapeacu,BA
200434,Paulo De Faria,SP
203966,Sao Joao De Iracema,SP
201739,Passira,PE
202458,Bastos,SP
202310,Luziapolis,AL
202697,Granja,CE
204047,Sao Bras,AL
202325,Capitao Poco,PA
202028,Jucurutu,RN
203132,Catarina,CE
203280,Baependi,MG
201106,Nova Aurora,PR
200993,Lagoa Do Ouro,PE
200331,Monte Alegre Do Sul,SP
200636,Ilopolis,RS
200624,Renascenca,PR
202209,Edeia,GO
202856,Aruana,GO
203619,Guarara,MG
202326,Romelandia,SC
200301,Avelino Lopes,PI
201041,Santa Cruz Do Piaui,PI
201110,Elisio Medrado,BA
200342,Trancoso,BA
204154,Angical Do Piaui,PI
200325,Ibitiuva,SP
202127,Iretama,PR
203644,Sao Rafael,RN
201770,Rio Do Oeste,SC
201599,Bela Vista Do Paraiso,PR
200072,Barra De Santo Antonio,AL
201161,Mairi,BA
201611,Alpinopolis,MG
201507,Rubiacea,SP
203312,Jari,RS
202995,Rechan,SP
200369,Pombos,PE
201552,Abatia,PR
202979,Jardim,CE
200941,Sitio Novo Do Tocantins,TO
202974,Sao Joao Do Paraiso,MA
203511,Antonio Prado,RS
202506,Eugenopolis,MG
203744,Porto Trombetas,PA
203906,Novo Jardim,TO
203085,Cerrito,RS
201879,Breves,PA
203827,Itaueira,PI
203877,Palhano,CE
200721,Bofete,SP
201263,Coremas,PB
202279,Rosario Do Ivai,PR
202768,Morro Do Ferro,MG
202511,Buriticupu,MA
203412,Sao Domingos Do Araguaia,PA
200393,Ribeirao,PE
200062,Quatituba,MG
200659,Monte Belo,MG
201389,Itapoa,SC
200061,Coite Do Noia,AL
202607,Conceicao Das Alagoas,MG
202848,Picui,PB
203306,Porteirinha,MG
203851,Congonhal,MG
202501,Limoeiro,PE
200462,Crisolita,MG
200561,Santo Antonio Do Canaa,ES
200035,Estreito,MA
202687,Teofilandia,BA
200111,Itaicaba,CE
202320,Guarani Das Missoes,RS
200177,Cruz Machado,PR
203759,Irara,BA
200641,Ribas Do Rio Pardo,MS
203260,Colniza,MT
201236,Pedralva,MG
203440,Areiopolis,SP
201305,Bias Fortes,MG
202104,Ibiracatu,MG
200828,Capinzal Do Norte,MA
201045,Curralinho,PA
203456,Nazare Da Mata,PE
202803,Turmalina,MG
202693,Malhador,SE
200440,Pedro Osorio,RS
202522,Cipo-Guacu,SP
203985,Galvao,SC
201509,Mirandiba,PE
203570,Arraial D'Ajuda,BA
202027,Elisiario,SP
203557,Conceicao Dos Ouros,MG
202935,Santana Do Capivari,MG
203508,Morrinhos,CE
202445,Pedra Branca,CE
200194,Santa Luzia,MA
200109,Sao Romao,MG
201455,Pains,MG
201519,Jaru,RO
203406,Cabo Verde,MG
203133,Ouro Preto Do Oeste,RO
202635,Benedito Novo,SC
200974,Desembargador Otoni,MG
203200,Nova Soure,BA
202551,Paulo Lopes,SC
200010,Conceicao Da Ibitipoca,MG
202443,Sao Joao Batista Do Gloria,MG
200686,Passagem,PB
200451,Chapada Dos Guimaraes,MT
201609,Angicos,RN
200891,Glicerio,SP
203754,Itaguara,MG
201974,Presidente Janio Quadros,BA
200655,Salto Da Divisa,MG
204223,Bom Jesus Da Penha,MG
203005,Panelas,PE
203651,Perola,PR
203168,Planaltino,BA
202675,Gramado Dos Loureiros,RS
202871,Alto Alegre Do Pindare,MA
201939,Colorado,RS
203130,Epitaciolandia,AC
201608,Alvorada Do Gurgueia,PI
203223,Nova Erechim,SC
200282,Lindoeste,PR
200720,Horizonte,CE
200766,Tangua,RJ
201992,Durande,MG
201341,Cravolandia,BA
200796,Itaipava,ES
201532,Mariluz,PR
200430,Tucano,BA
201414,Quadra,SP
201425,Leandro Ferreira,MG
201576,Corrego Fundo,MG
200492,Cristopolis,BA
203426,Coelho Neto,MA
202103,Rubim,MG
203304,Vitoria,PR
200382,Herculandia,SP
200028,Cajuri,MG
202993,Cristais,MG
200095,Irape,SP
200508,Carnaiba Do Sertao,BA
200166,Palmeira,SC
200080,Cruzalia,SP
203266,Alto Do Rodrigues,RN
200276,Vazante,MG
201722,Oscar Bressane,SP
202570,Quevedos,RS
200317,Sao Carlos,SC
200469,Cosmorama,SP
202554,Orobo,PE
200418,Ibiam,SC
203938,Ibiracu,ES
202849,Sao Jose Do Serido,RN
202531,Santa Filomena,PE
203826,Joanopolis,SP
201635,Itaju Do Colonia,BA
203460,Candoi,PR
202774,Iguai,BA
203363,Bodoquena,MS
200580,Cajapio,MA
200604,Agua Branca,PI
203500,Boa Vista Do Cadeado,RS
201956,Cachoeira Do Campo,MG
200995,Capistrano,CE
201324,Dormentes,PE
203179,Vargem Alta,ES
201188,Mojui Dos Campos,PA
202245,Pacuja,CE
200662,Pouso Redondo,SC
203259,Luiz Alves,SC
203971,Aquiraz,CE
202054,Porto Amazonas,PR
202882,Angelina,SC
201009,Ibirapua,BA
204062,Anita Garibaldi,SC
200170,Iconha,ES
203958,Nossa Senhora Do O,PE
200076,Guaraniacu,PR
203671,Barra Do Rio Azul,RS
202576,Jeronimo Monteiro,ES
200251,Mendonca,MG
202101,Lontras,SC
203762,Palmital,PR
201642,Cocalinho,MT
200866,Orizona,GO
203627,Vargem Bonita,SC
200484,Irapua,SP
201677,Ribeirao Vermelho,MG
201406,Gloria Do Goita,PE
200938,Ilicinea,MG
201311,Carolina,MA
203612,Cameta,PA
201815,Bonito,PE
203497,Urucurituba,AM
200537,Tecainda,SP
203324,Porecatu,PR
202061,Ruy Barbosa,BA
203652,Urutai,GO
202295,Estrela Velha,RS
202110,Sao Jose Do Turvo,RJ
201989,Alegrete Do Piaui,PI
201693,Itaporanga,PB
202822,Boninal,BA
203803,Santa Barbara D Oeste,SP
201708,Juripiranga,PB
200147,Reriutaba,CE
201051,Campo Florido,MG
200957,Carambei,PR
200535,Narandiba,SP
201337,Itagimirim,BA
200314,Silvanopolis,TO
203340,Tapurah,MT
203941,Irai De Minas,MG
204088,Poxoreu,MT
203926,Mara Rosa,GO
203071,Monte Gordo,BA
200968,Porto Acre,AC
200279,Ibimirim,PE
203893,Guaranesia,MG
200748,Sao Sebastiao Da Grama,SP
200075,Alto Garcas,MT
202346,Canaa,MG
201856,Ielmo Marinho,RN
203407,Bertolinia,PI
202084,Pacoti,CE
204077,Nova Monte Verde,MT
200918,Abdon Batista,SC
202404,Mondai,SC
201525,Joaquim Nabuco,PE
203552,Morro Grande,SC
203046,Ladario,MS
201539,Mimoso Do Sul,ES
203907,Brejoes,BA
201631,Ingai,MG
202573,Benedito Leite,MA
204235,Pacatuba,CE
203752,Sao Luis Do Quitunde,AL
201060,Guarai,TO
200712,Piedade De Caratinga,MG
202380,Setubinha,MG
200947,Upanema,RN
201728,Itatiaiucu,MG
202343,Colinas Do Tocantins,TO
202920,Caldas Do Jorro,BA
202269,Jesuitas,PR
203439,Ribeirao Claro,PR
203371,Dois Irmaos Do Buriti,MS
200907,Bom Jesus Do Araguaia,MT
202945,Ourem,PA
201718,Brazopolis,MG
204026,Caravelas,BA
202166,Campanario,MG
202696,Bom Jesus Do Tocantins,PA
204030,Guaruja Do Sul,SC
200792,Tocos Do Moji,MG
204170,Varjota,CE
201622,Materlandia,MG
203483,Pouso Alto,MG
200395,Sao Cristovao Do Sul,SC
201411,Nortelandia,MT
201147,Brotas De Macaubas,BA
201309,Santa Amelia,PR
200643,Sete Barras,SP
201024,Sertao,RS
202599,Presidente Kennedy,ES
201742,Andrequice,MG
202963,Buritirama,BA
200919,Campina Das Missoes,RS
200606,Vitorino Freire,MA
202399,Verissimo,MG
201350,Virgolandia,MG
200303,Guimarania,MG
200186,Uniao,PI
203060,Lagoa D'Anta,RN
204183,Porto Xavier,RS
200843,Prudente De Morais,MG
202367,Portelandia,GO
202968,Senador Guiomard,AC
203000,Caetes,PE
202825,Coruripe,AL
203243,Suzanapolis,SP
204225,Potim,SP
201846,Nova Roma,GO
204204,Picarra,PA
202465,Vista Alegre Do Alto,SP
202881,Anage,BA
202736,Corrego Do Ouro,RJ
203797,Caiana,MG
203457,Bacuri,MA
204066,Maribondo,AL
201526,Piripa,BA
201978,Joao Ramalho,SP
200159,Condeuba,BA
202615,Ibiapina,CE
202484,Carneirinho,MG
202541,Salesopolis,SP
203711,Capitao,RS
201977,Santa Cruz De Goias,GO
203293,Sitio Novo,RN
200480,Sao Miguel Do Guapore,RO
200142,Cacapava Do Sul,RS
200710,Morada Nova De Minas,MG
201971,Palmeira D'Oeste,SP
200224,Brejo Do Cruz,PB
201838,Alexandra,PR
204002,Sao Miguel Dos Campos,AL
202457,Iuna,ES
201559,Arealva,SP
201565,Serranopolis Do Iguacu,PR
201062,Caldeirao Grande Do Piaui,PI
201906,Aparecida De Monte Alto,SP
203841,Santo Antonio Do Taua,PA
203339,Ubirata,PR
203592,Santa Isabel Do Ivai,PR
203514,Santa Rita,PB
203354,Senhora De Oliveira,MG
203477,Alto Alegre,RS
202287,Grandes Rios,PR
201703,Porto Murtinho,MS
202424,Pedra Branca,PB
203656,Iracema,CE
200951,Barro Alto,GO
202513,Barao Do Triunfo,RS
203065,Xavantina,SC
201393,Manduri,SP
200844,Itarana,ES
202936,Arandu,SP
201410,Agronomica,SC
200700,Pinhal Da Serra,RS
200862,Pontal Do Parana,PR
203408,Cocais,MG
200810,Santa Luzia Do Norte,AL
203423,Marilac,MG
200973,Santo Antonio Do Jardim,SP
201497,Quipapa,PE
203372,Moema,MG
203633,Jacutinga,RS
200085,Alto Piquiri,PR
202900,Piacatu,SP
201674,Raul Soares,MG
204180,Baldim,MG
202913,Goianinha,RN
203882,Praia Grande,ES
202213,Eldorado,MS
200193,Carmo De Minas,MG
202356,Terra Boa,PR
201084,Inhapi,AL
200863,Luz,MG
200312,Novo Planalto,GO
203042,Santo Antonio Do Jacinto,MG
200069,Riversul,SP
201111,Pedro Gomes,MS
203342,Rondon,PR
202987,Conceicao Do Jacuipe,BA
200392,Santo Expedito Do Sul,RS
202007,Barao De Cotegipe,RS
201042,Cotipora,RS
201013,Igapora,BA
201396,Iapu,MG
204020,Trombas,GO
200093,Correntina,BA
201278,Hidrolina,GO
200872,Brazabrantes,GO
200590,Lajinha,MG
202441,Imigrante,RS
201468,Pimenteiras,PI
204189,Manoel Viana,RS
202732,Machadinho D'Oeste,RO
202956,Altonia,PR
201397,Palminopolis,GO
203078,Barra Do Bugres,MT
200733,Guaraci,PR
200990,Santo Antonio Do Sudoeste,PR
200167,Brejo Dos Santos,PB
202845,Perola D'Oeste,PR
202663,Victor Graeff,RS
204214,Vicentinopolis,GO
203685,Taboquinhas,BA
202425,Crominia,GO
200716,Indiana,SP
201889,Pranchita,PR
203753,Acu,RN
202011,Bom Jesus Do Amparo,MG
204054,Carbonita,MG
202742,Santo Antonio Do Amparo,MG
202139,Rio Novo Do Sul,ES
200129,Barreirinhas,MA
203820,Guariroba,SP
203017,Coronel Murta,MG
202519,Pugmil,TO
204070,Frei Gaspar,MG
200422,Pinhotiba,MG
203798,Anicuns,GO
200588,Pindoba,AL
202203,Piau,MG
200824,Nossa Senhora De Caravaggio,SC
201694,Tomazina,PR
202550,Guaiuba,CE
203917,Bom Jesus Do Galho,MG
200026,Gentio Do Ouro,BA
200234,Jumirim,SP
200472,Nantes,SP
200812,Nova Araca,RS
200052,Getulina,SP
200884,Tapera,RS
201766,Machados,PE
204036,Ibipitanga,BA
201903,Tuparetama,PE
204127,Redencao,CE
203008,Alto Sao Joao,PR
203910,Nova Santa Rosa,PR
202212,Tabocas Do Brejo Velho,BA
200728,Deodapolis,MS
201967,Sao Luis Do Paraitinga,SP
200223,Alexandrita,MG
202895,Groairas,CE
200690,Dario Meira,BA
201097,Palmeiras,BA
201189,Colinas,MA
201460,Tomar Do Geru,SE
200412,Grao Para,SC
202434,Conceicao Da Feira,BA
201991,Santana Dos Montes,MG
202810,Pocrane,MG
200103,Pedro Velho,RN
200296,Aracoiaba,CE
201012,Barras,PI
200307,Felicio Dos Santos,MG
201160,Paranapua,SP
202152,Guaicara,SP
200155,Sao Pedro Da Uniao,MG
200351,Sao Francisco Do Conde,BA
201946,Erebango,RS
204124,Monteiropolis,AL
203912,Rio Casca,MG
203914,Chorozinho,CE
203317,Alexandria,RN
203970,Corumbatai Do Sul,PR
200646,Sao Jorge,RS
204123,Esperantinopolis,MA
201617,Ouro Verde De Minas,MG
201938,Ceara-Mirim,RN
200397,Altinho,PE
200496,Itaja,GO
203545,Ilha De Itamaraca,PE
201731,Terra Roxa,PR
204206,Jose Da Penha,RN
202740,Calcado,PE
201937,Doce Grande,PR
203974,Ibira,SP
203609,Itaoca,ES
202148,Nova Bandeirantes,MT
202301,Rio Formoso,PE
201426,Sales,SP
201077,Presidente Alves,SP
204234,Flores,CE
202731,Paula Freitas,PR
200200,Novo Sao Joaquim,MT
203796,Novo Horizonte,SC
200044,Ataleia,MG
202018,Carlos Chagas,MG
203086,Monte Bonito,RS
201763,Itanhanga,MT
201356,Cavalcante,GO
202223,Moeda,MG
200132,Uniao De Minas,MG
201679,Buriti Do Tocantins,TO
203400,Paial,SC
201596,Cruzeiro Do Sul,RS
200834,Guaraciaba,MG
200302,Acucena,MG
202575,Maragogi,AL
202440,Sao Miguel Do Tapuio,PI
200020,Urania,SP
202844,Imaculada,PB
203629,Ouro,SC
201759,Caturama,BA
204132,Pau Brasil,BA
200041,Candeal,BA
202035,Pecanha,MG
201107,Ivate,PR
203154,Senador Pompeu,CE
203115,Botupora,BA
200819,Sapucaia,MG
201621,Goiandira,GO
203811,Balneario Barra Do Sul,SC
204182,Luminarias,MG
201395,Aratuba,CE
200334,Polo Petroquimico De Triunfo,RS
200049,Alto Paraiso,PR
202071,Soledade,PB
202985,Duere,TO
200144,Capivari Do Sul,RS
204108,Icarai De Minas,MG
200645,Santo Hipolito,MG
201730,Itiuba,BA
200855,Itutinga,MG
200534,Pio Ix,PI
203118,Clementina,SP
204005,Aracatu,BA
203808,Nova Canaa Do Norte,MT
201824,Tracunhaem,PE
201382,Sao Francisco De Assis,RS
201729,Marilena,PR
201260,Maracana,SC
202010,Lucianopolis,SP
200478,Ministro Andreazza,RO
203795,Agua Clara,MS
204043,Gaurama,RS
201837,Sao Luiz Do Norte,GO
201873,Rafard,SP
203636,Entre Folhas,MG
202266,Sapucaia,RJ
202733,Uruoca,CE
203212,Itamira,BA
202834,Oleo,SP
203890,Pedregulho,SP
200465,Pinhao,PR
200323,Sao Bento Do Una,PE
202555,Sacra Familia Do Tingua,RJ
200475,Bora,SP
203375,Cerro Grande Do Sul,RS
204236,Nova America Da Colina,PR
200124,Sooretama,ES
203885,Mampituba,RS
202600,Chapadinha,MA
202960,Penaforte,CE
203862,Ouro Verde De Goias,GO
200206,Nossa Senhora Da Gloria,SE
201862,Bom Jardim,MA
202381,Patrocinio Do Muriae,MG
202281,Sao Joao Do Triunfo,PR
202454,Sao Jose Do Cerrito,SC
203330,Brasopolis,MG
204128,Inimutaba,MG
200046,Coaraci,BA
201070,Gaucha Do Norte,MT
202360,Marcos Parente,PI
200961,Tupassi,PR
201832,Sao Benedito,CE
201982,Ubirajara,SP
202811,Abaiara,CE
203167,Trindade Do Sul,RS
202529,Itagiba,BA
201512,Santa Rita Do Itueto,MG
202129,Sao Jose Dos Quatro Marcos,MT
204023,Pindorama Do Tocantins,TO
202647,Redencao Do Gurgueia,PI
201852,Trairi,CE
201132,Senhora Dos Remedios,MG
203716,Nova Olinda,TO
200936,Conceicao,PB
200623,Araguacu,TO
203186,Sao Pedro Dos Ferros,MG
200493,Piata,BA
200846,Sarutaia,SP
202669,Itaguaru,GO
202616,Cuite Velho,MG
204160,Arapei,SP
201459,Goncalves,MG
201019,Aracitaba,MG
201980,Matutina,MG
201965,Saudade Do Iguacu,PR
203305,Faxinalzinho,RS
201702,Florinia,SP
200697,Luiziana,PR
202136,Corumbatai,SP
202973,Maripa,PR
200764,Vargem Grande Do Soturno,ES
201632,Guassusse,CE
201547,Cocal Do Sul,SC
200541,Flora Rica,SP
200852,Muritiba,BA
203670,Santana Do Itarare,PR
203153,Joao Camara,RN
202344,Boa Vista Do Sul,RS
200767,Ipiranga,PR
201308,Colonia Jordaozinho,PR
203708,Anitapolis,SC
203920,Lagoa Salgada,RN
203234,Sao Jose Da Boa Vista,PR
204175,Taquarucu Do Sul,RS
202483,Chaval,CE
203090,Itarantim,BA
204107,Alto Rio Doce,MG
201364,Pote,MG
201155,Neropolis,GO
201180,Jacuizinho,RS
203828,Taquarana,AL
202147,Saubara,BA
201296,Rio Branco,MT
204044,Ibitiara,BA
202534,Campestre Da Serra,RS
200110,Buri,SP
203219,Angelo Frechiani,ES
201076,Guarapua,SP
200137,Saude,BA
201196,Canhotinho,PE
201950,Macuco De Minas,MG
202792,Sao Sebastiao,AL
200030,Lupionopolis,PR
202691,Guia Lopes Da Laguna,MS
203869,Santa Margarida,PR
202099,Caarapo,MS
201828,Vieiras,MG
200285,Santo Antonio Da Alegria,SP
201942,Santa Rita Da Floresta,RJ
201372,Riacho Da Cruz,RN
202289,Picada Cafe,RS
202514,Piracema,MG
203220,Senador Firmino,MG
203469,Itambaraca,PR
200830,Monte Carlo,SC
202646,Domiciano Ribeiro,GO
200893,Fatima Do Sul,MS
203466,Paudalho,PE
200048,Ivinhema,MS
201723,Buritis,RO
201398,Santa Terezinha De Itaipu,PR
201142,Placas,PA
204149,Japoata,SE
202470,Sambaiba,MA
203420,Nipoa,SP
200512,Jacinto,MG
200547,Terra Roxa,SP
203548,Rio Dos Indios,RS
200485,Barro Preto,BA
202578,Coimbra,MG
201921,Lavras Da Mangabeira,CE
204169,Presidente Nereu,SC
203435,Santa Cruz De Monte Castelo,PR
201298,Cocos,BA
201959,Barao De Juparana,RJ
203336,Piratini,RS
203241,Sao Pedro Do Sul,RS
202789,Padre Carvalho,MG
202064,Maria Da Fe,MG
201929,Echapora,SP
203117,Mirante Da Serra,RO
201641,Tumiritinga,MG
201934,Senador Modestino Goncalves,MG
204106,Sao Jose Do Goiabal,MG
200935,Acajutiba,BA
201745,Ipiranga,RS
203530,Engenheiro Navarro,MG
200912,Sao Bentinho,PB
202076,Tacuru,MS
201612,Camacho,MG
203325,Mutuipe,BA
204001,Ipupiara,BA
203239,Igreja Nova,AL
201130,Cachoeira Dourada,MG
203148,Nova Redencao,BA
200255,Sao Goncalo Do Abaete,MG
200425,Miravania,MG
201657,Guaraquecaba,PR
203690,Manoel Urbano,AC
203114,Matias Olimpio,PI
201860,Guarda-Mor,MG
203163,Sao Jorge Do Oeste,PR
201465,Progresso,RS
202941,Turvolandia,MG
203296,Salto Do Itarare,PR
203001,Araruna,PB
201427,Alto Alegre Do Iguacu,PR
201096,Cristinapolis,SE
201226,Guaratinga,BA
201148,Conquista,MG
201347,Martinho Campos,MG
200427,Nova Santa Barbara,PR
201709,Lago Verde,MA
202208,Tuparendi,RS
200997,Extremoz,RN
200119,Sao Jorge D'Oeste,PR
204244,Cerro Azul,PR
200304,Conceicao Das Pedras,MG
204011,Bom Sucesso,PR
202026,Santana Do Araguaia,PA
203315,Vicencia,PE
204221,Campo Alegre De Goias,GO
202122,Rinopolis,SP
204025,Pendencias,RN
201868,Goncalves Dias,MA
201762,Peixe,TO
202992,Paraibano,MA
200118,Eugenio De Castro,RS
200477,Ipora,PR
203040,Feliz Natal,MT
200233,Nova Canaa Paulista,SP
200642,Iacri,SP
201618,Uchoa,SP
201954,Lagoa Real,BA
203273,Santa Margarida,MG
201630,Nova Vicosa,BA
203543,Jabora,SC
201199,Salto Grande,SP
203919,Moreira Sales,PR
200751,Ibipeba,BA
201666,Putinga,RS
203684,Santa Teresinha,BA
201123,Ipecaeta,BA
203178,Carinhanha,BA
201734,Monte Santo,BA
202039,Heliopolis,BA
202495,Brasileia,AC
200059,Uniao Da Serra,RS
201371,Tombos,MG
203506,Minduri,MG
203785,Sao Sebastiao Do Paraiba,RJ
202851,Banzae,BA
200581,Diogo De Vasconcelos,MG
201987,Antonio Pereira,MG
202672,Santa Rita De Jacutinga,MG
201843,Piratuba,SC
201908,Jordania,MG
201639,Pocao De Pedras,MA
204045,Ipueiras,CE
202649,Alvorada,TO
200087,Sao Thome Das Letras,MG
201151,Itapirapua,GO
203205,Wanderley,BA
201231,Macaparana,PE
202835,Tamboara,PR
203698,Santana Do Serido,RN
203668,Vicentina,MS
200639,Baixa Grande Do Ribeiro,PI
201994,Porto Esperidiao,MT
200202,Leopolis,PR
200572,Porto Firme,MG
202641,Mombuca,SP
202397,Barra Longa,MG
200322,Visconde De Maua,RJ
202948,Nacip Raydan,MG
201162,Dom Joaquim,MG
202037,Jiquirica,BA
201911,Lagoa Do Piaui,PI
200788,Planalto,BA
201578,Maioba,MA
201698,Osvaldo Kroeff,RS
203895,Vila Reis,PR
200882,Abare,BA
203546,Diamante D'Oeste,PR
203540,Turvo,SC
204251,Monte Verde,MG
204145,Jussara,PR
201171,Bonito,BA
200558,Tanque D'Arca,AL
201222,Uruana,GO
200211,Paraiso,SP
203098,Riacho De Santo Antonio,PB
202371,Nova Esperanca Do Sul,RS
201849,Grupiara,MG
202058,Varzea,PB
200785,Guabiju,RS
202990,Curuca,PA
201660,Sao Joao Da Mata,MG
200853,Amapora,PR
202043,Ibiajara,BA
200417,Colonia Leopoldina,AL
203518,Botelho,SP
203899,Florania,RN
201874,Pedra Bela,SP
201312,Paraiso Do Sul,RS
203541,Barra Dos Coqueiros,SE
203580,Canitar,SP
200399,Pintadas,BA
202545,Quitandinha,PR
202361,General Camara,RS
203680,Ilha Dos Valadares,PR
202556,Itaquirai,MS
202547,Rio Das Antas,SC
201438,Governador Mangabeira,BA
203581,Jeriquara,SP
204018,Mariapolis,SP
200008,Jaraguari,MS
203843,Ibitira,BA
204050,Inocencia,MS
203655,Gandu,BA
202874,Sao Jose Do Ouro,RS
200538,Nova Hartz,RS
203758,Ressaquinha,MG
200245,Dom Basilio,BA
202645,Sede Alvorada,PR
203937,Sao Vitor,MG
203585,Luisburgo,MG
200082,Tracuateua,PA
203982,Cha De Alegria,PE
201706,Mombaca,CE
202056,Sao Luis Do Curu,CE
200004,Santa Barbara Do Para,PA
203302,Cassia Dos Coqueiros,SP
201851,Senador Salgado Filho,RS
203198,Jatauba,PE
201958,Santo Antonio Dos Campos,MG
200522,Pereiras,SP
202394,Glicerio,RJ
200556,Campo Novo,RS
200346,Termas De Ibira,SP
200195,Santa Rosa Do Sul,SC
203463,Sao Lourenco Do Piaui,PI
202199,Indiaroba,SE
200611,Palmares Paulista,SP
203069,Monte Alegre De Sergipe,SE
200420,Gameleira,PE
203233,Lencois,BA
204134,Itiquira,MT
203143,Claraval,MG
201288,Nossa Senhora Das Gracas,PR
201257,Crissiumal,RS
203661,Pirenopolis,GO
201219,Itape,BA
201299,Matoes Do Norte,MA
201007,Sao Jose Da Bela Vista,SP
202926,Araguaia,ES
201910,Ribeirao Branco,SP
202100,Xique-Xique,BA
203595,Canapolis,BA
201667,Jucas,CE
202086,Central De Santa Helena,MG
201086,Floresta,PR
203817,Taquaracu De Minas,MG
202896,Arraial D Ajuda,BA
202017,Iraquara,BA
201165,Boa Ventura,RJ
203749,Pareci Novo,RS
203278,Barra Do Jacare,PR
201518,Barao,RS
203879,Maranhaozinho,MA
201697,Santa Fe De Minas,MG
201523,Joaquim Tavora,PR
200808,Marechal Floriano,ES
201357,Jamapara,RJ
201764,Porto Estrela,MT
202984,Valentim Gentil,SP
203007,Santa Rita De Minas,MG
200259,Santo Inacio,PR
203246,Monsenhor Paulo,MG
200473,Caraiba,PE
203756,Prados,MG
201844,Armazem,SC
204227,Florestal,MG
202291,Alvorada Do Norte,GO
200060,Floresta Do Araguaia,PA
201486,Paraiso Das Aguas,MS
201307,Pureza,RJ
200869,Santa Barbara Do Sul,RS
202832,Pastos Bons,MA
202153,Iguaracu,PR
200184,Capao Da Porteira,RS
200185,Mariano Moro,RS
200385,Vale Do Sol,RS
200770,Pentecoste,CE
203089,Arenapolis,MT
200699,Brejetuba,ES
202681,Sao Jose Do Belmonte,PE
201302,Agua Branca,AL
201456,Sao Pedro Do Butia,RS
200237,Caridade,CE
202899,Morro Agudo De Goias,GO
200278,Lago Da Pedra,MA
203326,Itaporanga D'Ajuda,SE
204197,Solonopole,CE
200950,Jaguarembe,RJ
203251,Mar Vermelho,AL
201888,Chorrocho,BA
200483,Tabapora,MT
203864,Galinhos,RN
201841,Vila Nova Do Sul,RS
200776,Lagoinha,SP
201610,Vera Cruz Do Oeste,PR
202189,Dumont,SP
203010,Inaja,PE
202614,Bras Pires,MG
202253,Balbinos,SP
203397,Laranjal,PR
200676,Sao Sebastiao Da Serra,SP
201348,Ibiraci,MG
201743,Anguera,BA
203501,Aurea,RS
200684,Varzea Do Poco,BA
203846,Santana De Pirapama,MG
201736,Ibicare,SC
202723,Cantagalo,PR
201936,Mato Rico,PR
202991,Natividade,TO
200115,Santo Andre,PB
202471,Jacinto Machado,SC
203142,Chacara,MG
200494,Jose Boiteux,SC
203587,Bom Jardim,PE
200040,Teixeira,PB
201164,Turmalina,SP
203431,Paulistania,SP
202539,Atalanta,SC
200455,Ouro Verde Do Oeste,PR
203717,Ravena,MG
203203,Magalhaes De Almeida,MA
202032,Jatoba,MA
204098,Doutor Camargo,PR
200933,Machadinho,RS
200453,Lagoa Dos Tres Cantos,RS
200510,Bataypora,MS
202096,Jaguaribara,CE
204075,Santa Maria Da Serra,SP
201048,Vicosa,RN
202674,Sitio Novo,MA
203033,Coronel Freitas,SC
202211,Apuarema,BA
202657,Olaria,MG
204039,Ubajara,CE
200504,Constantina,RS
200479,Ipaporanga,CE
200577,Santo Antonio,RN
204155,Santa Maria,RJ
201345,Paripiranga,BA
201805,Virginia,MG
202210,Garruchos,RS
200197,Damianopolis,GO
200536,Tavares,RS
202386,Descoberto,MG
203840,Rancho Alegre,PR
202892,Paraiso Do Norte,PR
201087,Cascavel,CE
203838,Cipo,BA
201281,Igrapiuna,BA
203992,Maua Da Serra,PR
200856,Inhuma,PI
201999,Treviso,SC
200608,Sao Felix Do Araguaia,MT
201997,Alto Parana,PR
203164,Ribeiro Junqueira,MG
204035,Alto Alegre Do Maranhao,MA
201620,Barra De Santa Rosa,PB
202190,Triunfo,PB
200937,Ciriaco,RS
203521,Dom Macedo Costa,BA
203555,Pocao,PE
203199,Santa Izabel Do Oeste,PR
202420,Buriti Alegre,GO
203320,Miradouro,MG
200257,Alpestre,RS
202507,Agisse,SP
202036,Piacu,ES
201018,Solanea,PB
201517,Sobradinho,BA
200266,Seberi,RS
200136,Aiuaba,CE
203218,Piranhas,GO
202322,Felisburgo,MG
200948,Rio Rufino,SC
202164,Sao Vicente Ferrer,MA
203789,Jequeri,MG
201961,Pilar,AL
201585,Saboeiro,CE
201890,Mocajuba,PA
203229,Sao Francisco Do Brejao,MA
201701,Mucuge,BA
201090,Sao Clemente,PR
200615,Orizania,MG
204082,Campestre Do Maranhao,MA
201030,Arcoverde,PE
204084,Itacoatiara,AM
203502,Abrantes,BA
201669,Sao Jose Do Divino,PI
201316,Fragosos,SC
200178,Teresina De Goias,GO
200146,Brejolandia,BA
203064,Urandi,BA
200341,Quixelo,CE
202408,Inubia Paulista,SP
200582,Senador Amaral,MG
201558,Tucuma,PA
203870,Riacho Dos Machados,MG
203491,Pedra Preta,RN
204104,Itubera,BA
200208,Caracol,MS
200362,Curral De Cima,PB
201412,Formosa Da Serra Negra,MA
203416,Cabixi,RO
201644,Morro Vermelho,MG
202170,Barra De Sao Miguel,AL
203944,Santo Antonio Do Leste,MT
201556,Guaraciaba,SC
203844,Julio Mesquita,SP
200025,Rainha Do Mar,RS
202186,Luis Correia,PI
200620,Sao Sebastiao Do Maranhao,MG
203995,Campinacu,GO
202478,Lavrinhas,SP
200978,Itaoca,SP
200112,Porto Rico,PR
201570,Santa Mercedes,SP
200461,Sao Pedro Da Agua Branca,MA
200474,Alto Taquari,MT
203620,Itabirinha,MG
203350,Montauri,RS
203209,Cerejeiras,RO
200250,Charrua,RS
203599,Guairaca,PR
201597,Senador Jose Porfirio,PA
200337,Mercedes,PR
200874,Vicosa Do Ceara,CE
202706,Barao Ataliba Nogueira,SP
200105,Divino Das Laranjeiras,MG
203777,Portela,RJ
204172,Murucupi,PA
203565,Capitao Eneas,MG
204208,Tapejara,PR
204121,Minas Novas,MG
203809,Canudos,BA
204219,Pitanga De Estrada,PB
201902,Americo De Campos,SP
202317,Parambu,CE
202436,Adustina,BA
201653,Fruta De Leite,MG
200706,Araguana,MA
200702,Centenario,TO
202561,Lagoao,RS
201883,Vanini,RS
203414,Vitoria Das Missoes,RS
201673,Fronteiras,PI
200464,Barra Do Tarrachil,BA
202372,Jardim De Piranhas,RN
204052,Monte Alverne,RS
200419,Carnaubal,CE
201867,Mandirituba,PR
200274,Humberto De Campos,MA
202062,Santa Maria Do Herval,RS
202815,Augustinopolis,TO
203881,Brejo,MA
201005,Rio Dos Cedros,SC
204202,Campo Do Brito,SE
201210,Governador Celso Ramos,SC
202016,Conceicao Do Tocantins,TO
201089,Capela Do Alto Alegre,BA
203948,Anadia,AL
202864,Sao Miguel Das Matas,BA
202390,Formosa Do Oeste,PR
203653,Campina Do Monte Alegre,SP
201501,Douradina,PR
202098,Sao Joao Evangelista,MG
202660,Sao Patricio,GO
200189,Mamonas,MG
201168,Pedro Ii,PI
201680,Arroio Do Tigre,RS
202214,Ipubi,PE
203519,Senador La Rocque,MA
200324,Umburanas,BA
203321,California,PR
203549,Vila Bela Da Santissima Trindade,MT
203462,Desterro Do Melo,MG
202232,Calmon,SC
200613,Serrita,PE
203316,Poco De Pedra,RN
204224,Urai,PR
202839,Nova Guarita,MT
200336,Pirapo,PR
203850,Tamandare,PE
202523,Bom Jesus Da Serra,BA
202438,Barrolandia,TO
200943,Pedrao,BA
203235,Poco Redondo,SE
202194,Leoberto Leal,SC
204240,Riachuelo,SE
200002,Canapi,AL
201733,Abre Campo,MG
200063,Sao Roque De Minas,MG
202717,Arroio Trinta,SC
200925,Ivai,PR
203182,Bom Jesus Do Querendo,RJ
201825,Ubata,BA
201704,Aramari,BA
204161,Berizal,MG
203355,Crisopolis,BA
203943,Glorinha,RS
202955,Capela Nova,MG
200104,Ferreiros,PE
203445,Sao Pedro De Alcantara,SC
204109,Alhandra,PB
203942,Pedreiras,MA
201190,Macaubal,SP
202202,Mogi-Mirim,SP
201081,Itapiuna,CE
203422,Conrado,RJ
203337,Antonio Cardoso,BA
201247,Combinado,TO
202813,Prata,PB
202025,Caicara Do Norte,RN
202713,Iaras,SP
200191,Pontalina,GO
200987,Novo Cabrais,RS
200763,Coronel Sapucaia,MS
201813,Ipaumirim,CE
203767,Ibema,PR
204230,Novo Machado,RS
202091,Major Vieira,SC
204114,Santo Antonio Das Missoes,RS
201261,Engenheiro Balduino,SP
204186,Alianca,PE
204232,Coronel Joao Pessoa,RN
200094,Angelica,MS
201855,Duas Barras,RJ
201043,Rio Doce,MG
200321,Sao Jose Da Coroa Grande,PE
200509,Lamim,MG
203951,Remigio,PB
201504,Sao Benedito,MG
201267,Coronel Domingos Soares,PR
201732,Feliz Deserto,AL
202439,Curvelandia,MT
202421,Porto Lucena,RS
200970,Nova Palma,RS
203045,Bonfim,RR
201803,Cambiasca,RJ
200617,Montanhas,RN
203452,Pimenta,MG
202624,Iguatu,PR
200006,Pio Xii,MA
200055,Tacaratu,PE
204125,Dom Cavati,MG
203571,Vila Flor,RN
201799,Aguia Branca,ES
203211,Pilar,PB
203874,Lucena,PB
203713,Agua Nova,RN
202763,Vila Rica,MT
201804,Guape,MG
202318,Santa Terezinha,SC
202951,Marques De Souza,RS
201646,Rio Do Antonio,BA
201413,Estrela Do Indaia,MG
200396,Caseiros,RS
204178,Vargem,SP
200908,Filadelfia,BA
203791,Araripe,CE
200540,Werneck,RJ
203236,Itatiba Do Sul,RS
204249,Conquista D'Oeste,MT
201692,Santa Rita D'Oeste,SP
203256,Mimoso De Goias,GO
202533,Pianco,PB
202034,Ipiranga De Goias,GO
203768,Nova Resende,MG
204165,Silvianopolis,MG
200835,Juranda,PR
201358,Ibiassuce,BA
203395,Ichu,BA
201129,Goianorte,TO
203482,Satiro Dias,BA
201557,Santo Amaro Das Brotas,SE
200628,Sao Francisco,PB
202530,Matoes,MA
201349,Parelhas,RN
200264,Mucambo,CE
203779,Belo Campo,BA
204094,Dezesseis De Novembro,RS
200953,Tunapolis,SC
200833,Barracao,RS
202820,Nova Esperanca Do Sudoeste,PR
200408,Parisi,SP
202953,Dionisio Cerqueira,SC
203319,Nova Boa Vista,RS
201715,Wagner,BA
202009,Salobro,BA
202218,Itaju,SP
203298,Nova Santa Rita,PI
200859,Centralina,MG
200244,Redentora,RS
203601,Poloni,SP
202151,Jaquirana,RS
200739,Jaupaci,GO
204048,Bom Jesus Do Sul,PR
201891,Ibitita,BA
200070,Confins,MG
203660,Dourado,CE
202242,Hulha Negra,RS
202023,Ilha Grande,PI
202648,Quatro Pontes,PR
203174,Itapage,CE
201240,Martinesia,MG
200544,Madalena,CE
203949,Morro Redondo,RS
200313,Reginopolis,SP
202430,Carmo Do Rio Verde,GO
202588,Ibertioga,MG
203607,Aparecida Do Rio Negro,TO
203228,Santa Maria Do Salto,MG
201177,Campo Azul,MG
201690,Belo Vale,MG
203766,Terezinha,PE
202418,Nova Ipixuna,PA
202142,Cedro Do Abaete,MG
201647,Presidente Medici,RO
201487,Taguatinga,TO
200981,Jandaira,RN
201479,Arantina,MG
204151,Coracao De Maria,BA
202140,Padre Paraiso,MG
201447,Marilandia Do Sul,PR
202939,Amparo Da Serra,MG
202609,Viseu,PA
201059,Caparao,MG
204038,Vitoria Do Jari,AP
202574,Coronel Pacheco,MG
203389,Nonoai,RS
203403,Laranja Da Terra,ES
200353,Boqueirao Do Leao,RS
201619,Agua Preta,PE
203109,Passa Tres,RJ
203751,Baixa Grande,BA
201237,Alagoa Grande,PB
200746,Santo Antonio Do Caiua,PR
203025,Mucurici,ES
200730,Janduis,RN
200316,Retirolandia,BA
202904,Britania,GO
202305,Ibiara,PB
200450,Sulina,PR
201918,Leopoldo De Bulhoes,GO
200668,Sao Joao Do Sabugi,RN
200673,Bela Vista Do Maranhao,MA
201448,America Dourada,BA
204013,Serra Bonita,MG
202311,Costa Marques,RO
200128,Cristiano Otoni,MG
200945,Mauriti,CE
203733,Lajeado,TO
202759,Carmolandia,TO
204027,Fagundes,PB
203509,Queiroz,SP
200122,Santa Brigida,BA
201031,Princesa Isabel,PB
204207,Joao Dourado,BA
204120,Campo Grande Do Piaui,PI
203425,Mambai,GO
202664,Embauba,SP
203740,Paulista,PB
204184,Miranda Do Norte,MA
200787,Cujubim,RO
201063,Bom Jardim De Goias,GO
201809,Novo Brasil,ES
201922,Graccho Cardoso,SE
200288,Bossoroca,RS
201876,Ceilandia,DF
203037,Santa Cecilia Do Pavao,PR
203905,Oros,CE
203271,Muquem Do Sao Francisco,BA
200972,Carutapera,MA
202584,Jampruca,MG
202942,Laranjal Do Jari,AP
202219,Jenipapo De Minas,MG
202442,Campos Borges,RS
201916,Sao Mateus De Minas,MG
203928,Ponto Dos Volantes,MG
201589,Joaima,MG
201152,Pereiro,CE
201457,Bela Cruz,CE
201807,Sobralia,MG
200078,Nova Esperanca Do Piria,PA
201798,Campo Do Tenente,PR
203014,Caibate,RS
201352,Augusto Pestana,RS
201145,Morro Do Pilar,MG
203289,Florida,PR
202944,Juru,PB
203112,Pancas,ES
203128,Sao Pedro Do Turvo,SP
203284,Ouvidor,GO
200701,Pouso Novo,RS
202679,Erere,CE
201875,Imbau,PR
201645,Sao Felipe,BA
201010,Santa Terezinha,PE
202808,Sao Bento Abade,MG
203217,Antonio Carlos,SC
204100,Loreto,MA
201769,Planaltina De Goias,GO
202162,Joselandia,MA
203376,Adhemar De Barros,PR
201530,Coqueiros Do Sul,RS
203567,Maiquinique,BA
200372,Campo Alegre Do Fidalgo,PI
202560,Braunas,MG
200298,Penedo,RJ
202504,Sao Goncalo Do Rio Das Pedras,MG
203171,Tamarana,PR
200554,Godoy Moreira,PR
202847,Marinopolis,SP
203429,Mirante Do Paranapanema,SP
203393,Arenopolis,GO
202251,Aribice,BA
204056,Jussari,BA
202964,Bequimao,MA
201483,Divinesia,MG
201287,Apore,GO
202314,Santa Leopoldina,ES
201452,Boa Esperanca,RJ
201143,Ipiranga Do Norte,MT
202688,Romaria,MG
202716,Sao Paulo Das Missoes,RS
202876,Novo Lino,AL
202714,Sao Jose Do Inhacora,RS
201686,Presidente Lucena,RS
200449,Nossa Senhora Das Dores,SE
201748,Brasilandia De Minas,MG
202019,Ponto Novo,BA
200900,Vargem Grande Do Rio Pardo,MG
200092,Tres Irmaos,RJ
203529,Guiricema,MG
200463,Sao Jose Do Campestre,RN
201983,Cerro Negro,SC
202854,Santa Ernestina,SP
201746,Monte Formoso,MG
204086,Silvano,MG
203692,Jardim Alegre,PR
200984,Jurema,PE
203276,Sao Jorge Do Ivai,PR
203591,Arapoema,TO
200543,Doutor Ulysses,PR
202970,Ibicuitinga,CE
200330,Francisco Santos,PI
201422,Dias D Avila,BA
203863,Prudencio Thomaz,MS
200529,Oiapoque,AP
201864,Serra Azul,SP
200682,Extrema,RO
202246,Alegria,RS
203860,Agrolandia,SC
204201,Cachoeira Da Prata,MG
200527,Flores De Goias,GO
200732,Messias Targino,RN
202626,Rio Espera,MG
200922,Capela De Santana,RS
201649,Coreau,CE
203722,Esperantina,TO
202181,Aguas Claras,RS
201988,Angical,BA
201819,Fatima,TO
203444,Barro Alto,BA
204142,Mariental,PR
201993,Sape,PB
203134,Vermelho,MG
204049,Governador Dix-Sept Rosado,RN
203617,Guatapara,SP
202745,Bandeirantes D'Oeste,SP
203082,Aguas De Santa Barbara,SP
201444,Coroados,SP
200238,Laranjal,MG
201119,Santana Do Deserto,MG
200098,Riachinho,MG
203208,Frei Lagonegro,MG
202401,Sao Joao De Petropolis,ES
203433,Monte Alegre,RN
203621,Benevides,PA
201377,Amaraji,PE
202512,Espigao,SP
200347,Moncao,MA
203520,Estevao De Araujo,MG
202775,Vitorino,PR
200677,Sao Miguel Do Anta,MG
203288,Apora,BA
202634,Puxinana,PB
202388,Ibarama,RS
201788,Barrocas,BA
200135,Perobal,PR
204146,Vargem Alegre,MG
203533,Almas,TO
200755,Cascalho Rico,MG
200269,Sao Geraldo Do Baguari,MG
201792,Dona Francisca,RS
201120,Rubineia,SP
202015,Sao Joao De Pirabas,PA
200175,Queluz,SP
202801,Cantanhede,MA
203553,Palmeirinha,PR
201401,Porto De Pedras,AL
201560,Sao Jose Do Piaui,PI
202933,Macuco,RJ
200756,Irupi,ES
200201,Campina Da Lagoa,PR
202755,Pavao,MG
201636,Monte Alegre,PA
202351,Bom Retiro,SC
203226,Santa Cruz Do Timbo,SC
203706,Flores,PE
201573,Vermelho Novo,MG
200388,Lamarao,BA
200414,Estrela D'Oeste,SP
202375,Jesupolis,GO
200355,Passo De Camaragibe,AL
200168,Carnauba Dos Dantas,RN
202262,Paiva,MG
202149,Picarras,SC
202543,Pedras Altas,RS
200567,Aguas Frias,SC
203613,Santa Cecilia,PB
203559,Nova Timboteua,PA
200071,Telha,SE
204229,Sao Felix De Minas,MG
201172,Frecheirinha,CE
203402,Lajeado Grande,SC
202095,Sao Jose Do Ribeirao,RJ
200708,Paranapoema,PR
201211,Morro Da Garca,MG
202089,Correntes,PE
201579,Ibicoara,BA
203394,Lagoa,PB
203173,Aramina,SP
203757,Tangara,SC
204188,Buritizal,SP
203802,Pequi,MG
203066,Mira Estrela,SP
202526,Pirajuba,MG
200495,Missao Velha,CE
200742,Planalto,SP
203646,Nova Crixas,GO
200761,Olhos D'Agua,MG
201926,Serranopolis De Minas,MG
200992,Matriz De Camaragibe,AL
200820,Sete De Setembro,RS
200815,Santana Do Sobrado,BA
201294,Aroeiras,PB
203677,Pirai Do Norte,BA
201773,Simplicio Mendes,PI
201128,Santo Antonio Do Leverger,MT
200374,Porto Alegre Do Norte,MT
200867,Conselheiro Mairinck,PR
204007,Varzea Grande,PI
200650,Cocalzinho De Goias,GO
202916,Luizlandia Do Oeste,MG
200130,Pitimbu,PB
200300,Estrela D Oeste,SP
200737,Tiradentes Do Sul,RS
202830,Pedra Menina,MG
202952,Manaira,PB
202429,Tururu,CE
201880,Lutecia,SP
201968,Mesquita,MG
203792,Porto Calvo,AL
203459,Arataca,BA
203050,Porto Grande,AP
203344,Sao Sebastiao De Campos,RJ
202639,Sao Bernardino,SC
200174,Queixada,MG
201806,Ribeiropolis,SE
200489,Salvador Do Sul,RS
202618,Cordeiros,BA
201710,Sao Jose Do Divino,MG
201098,Pratapolis,MG
203436,Conceicao Do Formoso,MG
200879,Goiana,MG
203194,Guimaraes,MA
202564,Gramado Xavier,RS
202764,Alfredo Marcondes,SP
200001,Aratiba,RS
202348,Santo Antonio Do Rio Abaixo,MG
204091,Sao Sebastiao Do Rio Verde,MG
200000,Erico Cardoso,BA
203467,Sao Bonifacio,SC
200571,Candido Godoi,RS
201056,Estrela Do Sul,MG
200252,Pedra Do Indaia,MG
203277,Antonio Goncalves,BA
200946,Taiacu,SP
200386,Boquira,BA
201878,Tome-Acu,PA
202230,Macieira,SC
201000,Jaboticatubas,MG
201442,Lindoia Do Sul,SC
201242,Alagoa Nova,PB
202131,Anhandui,MS
204078,Valao Do Barro,RJ
203202,Vila Pereira,MG
204138,Sao Jose Dos Cordeiros,PB
203052,Anhumas,SP
200394,Caem,BA
202888,Crucilandia,MG
203889,Divisa Nova,MG
201683,Arame,MA
201949,Agua Doce,SC
200230,Guinda,MG
200139,Cabeceiras,GO
204173,Fortaleza Dos Valos,RS
203137,Brejo Grande,SE
203975,Venda Branca,SP
203323,Inhauma,MG
203103,Santo Expedito,SP
202168,Paranhos,MS
201375,Cajueiro,AL
201747,Laje Do Muriae,RJ
201270,Cezarina,GO
203255,Presidente Juscelino,MA
202631,Travesseiro,RS
203480,Ipiranga Do Sul,RS
201391,Rubelita,MG
201969,Desterro De Entre Rios,MG
202402,Marcelino Vieira,RN
202520,Tabuleiro Do Norte,CE
200889,Nova Padua,RS
203487,Maquine,RS
203430,Passa Tempo,MG
203561,Pardinho,SP
201777,Pinheiros,SP
202925,Rosario,MA
201379,Novais,SP
202940,Macambira,SE
203538,Boa Esperanca Do Iguacu,PR
202296,Foz Do Jordao,PR
202107,Pacotuba,ES
201932,Acari,RN
202877,Conceicao Do Caninde,PI
203225,Nossa Senhora De Lourdes,SE
200249,Almino Afonso,RN
202264,Nova Guataporanga,SP
203968,Arara,PB
202303,Mata,RS
203822,Colinas,RS
200268,Tenente Ananias,RN
